yymm,mktrf,smb,hml,rf,agric,food,soda,beer,smoke,toys,fun,books,hshld,clths,hlth,medeq,drugs,chems,rubbr,txtls,bldmt,cnstr,steel,fabpr,mach,elceq,autos,aero,ships,guns,gold,mines,coal,oil,util,telcm,persv,bussv,hardw,softw,chips,labeq,paper,boxes,trans,whlsl,rtail,meals,banks,insur,rlest,fin,other
197001,-8.1,2.93,3.13,.6,.83,-2.81,-2.76,-1.35,-6.99,-7.95,-5.74,-11.39,-6.9,-5.09,-4.74,-11.04,-6.1,-6.77,-2.69,-4.66,-8.96,-12.23,-5.71,-3.98,-6.53,-6.29,-8.75,-13.54,-3.38,-9.47,1.4,-2.47,-.17,-11.56,-4.23,-2.56,-23.87,-9.03,-8.86,-29.41,-10.31,-7.53,-9.42,-8.49,-7.62,-7.68,-5.73,-11.86,-7.53,-8.88,-10.94,-10.82,-3.59
197002,5.13,-2.58,3.93,.62,9.48,5.96,3.86,6.87,.28,6.12,8.22,.68,.28,3.22,-21.34,6.03,5.73,3.76,3.57,5.01,9.55,.04,11.01,3.99,6.44,8.3,7.67,4.22,10.79,5.96,-.74,7.58,16.82,5.22,8.36,7.95,-2.23,3.38,1.86,16.67,6.51,1.94,10.43,6.37,10.48,1.81,5.79,5.43,15.54,10.35,.24,9.18,-4.81
197003,-1.06,-2.32,3.99,.57,-13.28,-.61,-1.08,-.6,1.42,-2.8,-2.52,-2.89,-.96,-1.09,-4.17,-6.33,-4.8,.83,-.93,1.12,-1.2,-3.34,.81,.87,2.61,2.42,4.75,-2.89,.12,-4.12,-1.31,-1.53,-3.29,-.38,2.91,2.29,-10.74,-4.5,-1.58,-8.57,-4.33,-7.88,4.35,-2.37,-3.34,-5.28,-.98,-7.52,-1.2,-.25,-.95,-.59,.14
197004,-11,-6.15,6.18,.5,-17.64,-10.57,-8.67,-9.41,-2.82,-19.9,-21.82,-15.17,-7.92,-14.35,-39.11,-11.4,-9.58,-4.31,-15.34,-7.61,-10.18,-15.18,-9.43,-24.31,-10.91,-8.38,-9.06,-16.08,-6.93,-11.01,-14.29,-13.19,-14.7,-9.07,-8.06,-8.79,-24.17,-21.05,-13.2,-35.94,-17.92,-13.34,-6.77,-10.69,-11.96,-20.56,-10.13,-18.27,-10.9,-15.27,-18.7,-12.58,-27.2
197005,-6.92,-4.59,3.33,.53,-10.92,-8.66,-3.65,-6.1,3.54,-7.74,-13.15,-17.55,-8.24,-10.19,-26.07,-8.13,-7.55,-2.84,-13.18,-10.31,-9.27,-10.98,-9.37,-9.93,-9.58,-8.46,-4.99,-8.37,-10.08,-8.46,-7.77,-2.61,5.87,2.62,-5.36,-3.74,-15.79,-10.12,-7.83,-31.71,-12.89,-22.31,-3.41,-10.25,-7.06,-11.59,-9.49,-12.19,-6.49,-8.72,-15.03,-9.45,-6.55
197006,-5.79,-2.13,.6,.58,-1.25,-.2,-1.57,-2.66,6.67,-11.75,-5.62,-9.59,-5.03,-7.11,-9.71,-4.17,.45,-1.58,-7.3,-2.53,-5.19,-13.36,-6.48,-11.98,-4.45,.64,-3.02,-12.34,-4.88,-10.68,7.85,-3,-3.03,-2.43,-4.7,-8.48,-17.33,-7.76,-11.75,-10.71,-11.99,-13.96,-7.34,-5.02,-15.34,-6.96,-3.81,-7.1,.6,-3.56,-3.54,-11.32,-22.23
197007,6.93,-.5,.9,.52,-.72,5.62,5.84,6.75,3.5,12.31,1.22,13.04,4.58,8.26,-4.3,1.76,2.27,8.53,6.05,10.62,9.99,6.92,3.53,12.45,3.28,5.36,8.69,4.43,4.07,15.05,10.31,.46,6.33,12.84,8.71,10.27,12.65,6.84,.8,-12.02,6.82,4.49,8.84,6.64,8.43,4.51,11.72,1.24,6.63,10.49,9.4,10.41,-.26
197008,4.49,1.52,1.15,.53,-.31,.36,-1.71,-2.7,.64,11.35,3.29,6.61,4.23,7.25,10.3,2.19,1.65,5.29,4.39,4.54,3.52,7.4,0,9.53,4.25,2.45,9.08,12.19,1.52,7.17,10.5,3.05,-2.93,6.62,4.67,2.5,2.8,3.76,7.14,-10.92,9.9,13.33,6.78,7.78,8.41,6.6,5.13,6.94,6.41,1.54,6.1,5.64,14.6
197009,4.18,8.59,-5.47,.54,14.81,5.12,4.05,4.48,.52,6.44,19.46,7.43,6.4,12.06,34.62,8.37,7.72,-1.23,7.48,5.96,6.79,16.33,4.19,12.7,7.83,3.15,1.57,9.04,8.76,5.68,5.68,8.87,24.1,3.05,-.54,-.93,20.66,11.26,10.53,73.65,8.42,9.75,1.68,.18,8.95,16.06,6.87,16.16,-.41,8.79,14.66,8.7,5.47
197010,-2.28,-4.21,.22,.46,-3.92,0,4.28,-1.02,10.36,-4.34,-4,-3.1,-.18,-3.63,-18.07,1.25,.27,-4.08,-7.52,-1.86,-3.44,-11.62,-4.98,-8.84,-3.29,.11,-2.82,-11.21,-4.76,-8.75,2.18,-6.64,6.32,2.93,-.8,-3.75,-6.33,-3.83,-1.59,-33.46,-9.36,-4.61,-5.12,-2.57,-4.95,-7.67,-.93,-3.85,-5.22,-10.08,-9.46,-7.38,-19.45
197011,4.6,-3.94,1.69,.46,-1.84,5.53,6.67,-.85,10.05,6.43,10.68,3.81,4.88,2.5,.31,1.23,3.41,4.59,-.01,2.71,1.6,1.48,1.94,8.22,3.11,3.73,8.16,2.73,11.65,15.6,-4.17,-1.03,8.88,4.85,9.39,6.11,-5.2,2.71,3.45,9.94,6.6,2.08,-.54,1.39,3.64,-1.11,7.75,4.13,4.76,6.04,7.19,7.13,-8.86
197012,5.72,2.92,1,.42,1.17,8.04,2.28,4.29,2.67,5.07,3.17,12.03,5.67,14.13,12.22,1.42,6.22,9.83,11.36,13.33,9.18,9.97,7.44,7.41,12.32,3.68,6.19,5.48,5.93,4.98,-3.25,8.28,5.59,2.23,7.13,6.85,5.16,5.42,3.33,-7.98,8.65,3.08,8.42,10.25,10.61,11.13,4.92,6.89,8.21,12.72,10.24,9,11.27
197101,4.84,7.36,1.33,.38,5.92,2.15,4.07,4.51,5.75,10.73,13.09,5.35,5.15,12.63,4.23,10.8,3.56,7,6.84,6.27,5.79,12.04,4.29,10.34,7.91,7.52,1.96,20.39,3.27,21.84,4.12,6.34,3.37,.31,2.95,9.75,10.29,8.05,3.77,19.65,9.14,10.48,6.05,3.47,15.78,13.94,7.87,7.78,.53,8.88,8.43,7.55,18.11
197102,1.41,1.86,-1.23,.33,9.29,2.46,1.82,1.66,5.07,5.87,5.96,5.86,1.69,6.05,27.85,3.43,.56,1.79,3.79,6.36,.08,2.07,-.12,12.17,.67,7.12,.19,4.36,3.87,.95,7.71,2.27,3.75,4.76,-2.58,-5.3,7.93,4.89,3.49,-7.73,.7,1.9,.1,3.82,2.75,1.88,3.62,6.09,1.05,3.6,6.31,.99,12.54
197103,4.13,2.62,-3.95,.3,1.42,2.72,7.64,2.66,9.61,9.17,15.02,4.49,6.36,4.29,11.72,8.28,2.42,3.17,5.67,-.38,.38,6.74,3.99,.33,3.96,2.05,2.57,2.49,6.81,-2.45,5.92,6.26,8.89,2.61,2.39,.73,-1.2,8.21,7.08,16.75,12.31,4.19,-.33,6.39,3.04,9.18,6.37,9.87,10.22,4.43,6.28,6.13,6.98
197104,3.15,-.49,.69,.28,5.49,1.22,2.88,1.5,1.73,8.41,3.26,6.47,3.82,2.82,-1.33,4.72,4.17,6.44,2.7,-.03,4.3,5.25,2.81,15.18,4.81,8.9,8.69,6.54,6.32,12.78,5.09,3.68,2.83,4.37,-3.54,.82,-6.28,2.81,1.33,8.52,5.37,1.5,2.98,1.18,11.65,1.6,5.54,2.83,-2.1,7.27,2.97,3.44,-8.07
197105,-3.98,-1.04,-1.44,.29,-7.79,-2.84,1.88,-1.69,-7.71,-1.34,.33,-5.87,-1.07,-4.1,-6.67,.5,-2.8,-.84,-6.32,-3.56,-5.58,-1.79,-3.69,-3.18,-4.29,-2.82,-4.88,-4.19,-2.01,-7.44,-4.14,-1.44,-7.81,-4.63,-3.69,-5.21,-3.15,-5.16,-6.97,10.74,-4.62,-3.67,-3.6,-2.58,-3.66,-3.1,-1.98,2.2,-7.13,-3.22,-5.77,-5.17,-13.39
197106,-.1,-1.47,-1.87,.37,-.72,.82,1.87,1.11,.06,1.95,-1.04,-1.16,3.37,-1.79,-1.04,5.75,1.03,-.23,-2.05,-6.39,-2.81,-2.88,-4.75,.67,.14,1.7,-1.29,-1.92,1.35,-4.83,-3.1,-1.09,5.42,.99,4.29,1.05,1.08,.82,-2.92,0,-1.32,.19,-4.28,.89,-3.31,2.08,-.05,3.25,-2.06,1.94,1.78,.32,.02
197107,-4.5,-1.48,.02,.4,-6.99,-.22,-1.95,-3.13,.53,-10.81,-8.15,-3.05,-5.82,-6.66,-12.17,-3.05,-1.73,-4.12,-6.69,-4.49,-2.81,-9.71,-7.54,-8.01,-4.58,-6.86,-3.15,-9.79,-1.05,-7.62,1.45,-5.65,-11.18,-2.03,-2.15,-3.69,-12.56,-7.64,-9.48,-23.88,-7.41,-5.04,-3.26,-4.12,-5.95,-6.05,-2.9,-6.94,-2.03,.43,-10.06,-2.23,-16.33
197108,3.79,-.17,2.63,.47,-.9,-.11,7.19,1.34,2.53,9.41,7.04,4.07,6.75,6.46,4.09,-.44,4.01,7.91,4.67,7.68,6.5,11.46,8.63,6.29,9.23,9.54,9.83,3.56,9.59,3.35,-6.43,-2.92,4.15,-1.26,-2.33,-.24,7.2,2.74,6.57,4.41,2.94,6.9,.71,2.84,16.19,4.34,6.26,4.84,5.7,6.64,7.87,7.74,2.11
197109,-.85,.51,-2.91,.37,-4.22,-.13,1.97,-.76,-2.87,-3.52,-2.74,1.97,1.59,-.22,.8,1.02,.57,.08,.83,-.36,2.07,-.91,-7.37,1.48,-1.26,1.18,.23,-.14,-.85,6.37,-2.65,-2.53,-8.04,-1.59,-1.49,.27,6.77,-1.54,-1.58,-11.74,-2.72,2.56,-3.66,-.26,-.45,-.3,.57,.63,1.6,-2.43,6.17,-1.5,-3.98
197110,-4.42,-1.76,-.48,.37,-6.86,-4.09,-1.44,1,-8.78,-6.8,-5.87,-3.42,-4.21,-4.31,-8.51,-1.92,-2.48,-6.72,-.13,-8.57,-5.78,-7.75,-10.21,-12.21,-8.19,-6.72,-5.65,-6.02,-7.26,-8.13,-18.68,-12.21,-9.61,-4.29,2.04,-1.83,-4.58,-5.06,-2.41,-17.55,-8.47,-9.32,-5.1,-4.04,-1.93,-3.68,-3.5,-2.54,1.49,-4.37,-6.3,-4.13,.46
197111,-.46,-2.77,-1.68,.37,-3.02,.99,-.09,.69,1.69,.16,2.4,-4.36,1.71,-2.23,-7.28,1.33,.68,-1.43,-4.42,-5.17,-3.77,-5.85,-2.53,-6.15,-2.24,-2.07,-.56,.24,-6.95,-1.12,1.77,-5.29,-3.74,.06,-1.22,.43,.75,-1.33,2.16,-12.26,3.24,-7.43,-2.97,-.69,-.5,-2.79,.36,.72,2.17,.03,-2.55,1.43,-4.21
197112,8.71,3.29,-.4,.37,9.34,7.36,12.53,13.33,8.67,11.79,18.04,13.28,8.49,10.67,17.6,7.27,7.75,6.9,11.95,14.85,8.38,9.65,13.94,15.34,12.64,11.7,6.29,13.23,12.38,14.66,4.03,13.75,16.88,8.74,8.12,7.55,14.4,13.42,10.77,19.85,11.62,13.36,9.06,9.68,9.81,14.15,9.82,11.75,6.28,1.99,3.83,8.95,14.37
197201,2.49,5.85,2.24,.29,14.47,1.09,-1.49,2.87,5.8,7.25,15.44,.3,3.21,5.19,6.9,2.65,2.55,4.43,10.77,7.16,1.1,6.71,4.35,2.07,3.13,2.31,3.05,19.06,-3.5,10.05,15.68,5.88,9.2,.04,-.32,1.01,5.9,5.32,9.35,9.82,7.02,4.34,-3.38,-.07,6.35,7.01,-.82,10.71,.34,-.97,3.07,2.35,18.02
197202,2.87,1.3,-2.79,.25,4.22,3.53,4.4,6.47,8.32,7.37,6.86,6.73,6.57,2.19,10.28,6.68,7.16,2.62,6.51,1.93,3.12,3.32,6.83,2.59,3.73,3.11,-.18,2.69,-1.71,.22,3.03,7.55,-3.52,2.68,-2.5,.24,2.58,2.88,1.3,-10.06,2.32,6.93,3.88,5.53,3.2,4.88,5.66,6.87,-.82,-.26,5.67,.37,6.5
197203,.63,-.24,-1.61,.27,6.5,-1.06,2.11,-2.29,3.03,.05,-3.11,-2.13,4.14,-2.42,-2.18,4.73,-.51,2.43,-.27,-.2,1.02,.17,.28,-.35,1.77,3.33,4.8,-.73,-2.31,1.51,.02,.53,-12.42,-5.36,-.14,-.33,-11.93,-1.5,2.08,0,-3.18,5.51,2.9,2.49,-.21,1.02,2.13,2.18,5.78,5.83,4.61,4,4.86
197204,.29,.11,.12,.29,3.63,.91,4.13,2.38,6.41,-.62,2.75,3.25,2.33,-1.32,-3.37,2.69,.79,2.13,3.19,-1.61,2.05,1.2,.21,.73,4.02,6.17,-2.57,-.85,-4.37,5.8,-2.64,.39,4.27,-.74,-2.8,-1.06,-5.58,-1.06,1.01,16.77,.12,.88,7.47,-1.74,2.07,3.07,-1.26,2.01,2.39,5.44,-1.5,1.27,-13.09
197205,1.25,-2.69,-2.7,.3,-4.07,-.39,1.74,4.96,2.91,4.84,7.12,.94,4.04,-5.82,.52,2.68,4.03,1.33,.01,-2.87,-3.01,-4.94,-1.45,-6.46,2.66,1.88,-3.02,2.53,-1.21,-2.23,6.07,2.58,-8.27,3.74,-.17,1.24,-7.84,1.2,4.06,-6.91,1.75,9.29,-3.42,4.14,1.6,1.04,1.18,5,-2.4,-2.69,1.29,-1.15,-3.31
197206,-2.43,.27,-2.48,.29,.15,-1.85,-.44,6.08,-.67,-3.32,-.23,-3.14,-1.02,-3.54,-7.68,2.13,2.83,-3.92,-2.42,.67,-3.14,-4.66,-5.42,-4.09,-1.5,-1.48,-2.78,-4.97,-1.97,-11.54,-1.3,-.47,-13.29,-.81,-1.56,-2.64,-5.85,-4.97,-1.6,-17.14,-5.71,-1.56,-4.53,-.97,-9.61,-5.34,-4.22,-.83,-.49,-8.89,-9.03,-2.89,-7.8
197207,-.8,-2.87,.66,.31,-6.35,-.86,5.25,-1.93,-5.18,-5.05,-2.26,-4.57,.98,-4.04,-.47,-.63,4.24,-.3,-4.92,-2.71,-2,-6.17,-3.89,-1.04,-.69,-4.19,-.99,1.67,-3.54,6.4,3.44,-5.65,-11.1,-.95,.05,.74,-6.36,-3.61,2.16,-13.1,-2.35,-.33,-1.32,5.05,-4.32,-5.08,-2.1,-7.82,3.48,-4.88,-11.44,-1.88,-11.56
197208,3.26,-4.03,4.54,.29,-1.33,1.94,-.6,5.19,-2.74,-2.94,-1.85,-.06,-.8,-.01,5.86,1.34,.85,7.58,2.24,-2.84,.84,1.36,8.4,4.27,4.68,.48,4.31,1.28,9.26,7.14,-1.47,4.56,11.24,12.46,5.95,5.18,-3.28,1.22,2.77,-14.29,4.76,-1.36,5.65,-.54,.77,2.15,-.58,-1.66,7.62,6.59,-2.27,5.03,6.91
197209,-1.14,-2.65,.46,.34,-1.05,-1.51,-.98,-.4,-7.51,-2.63,-3.39,-1.81,1.75,-3.18,-8.38,-.5,-.21,-4.6,-1.45,-3.69,-3.42,2.24,-3.93,-8.15,-1.16,-2.13,-1.12,-1.95,-3.16,-5.33,-6.51,-1.93,-15.33,-.06,.18,4.27,-3.23,-2.79,-.91,4.63,-1.53,-2.6,-4.81,-1.1,-6.42,-3.59,-.25,.58,1.17,-2.25,-5.32,.17,-7.29
197210,.52,-2.73,1.34,.4,4.13,2.45,1.18,-3.79,-1.07,-1.97,2.7,-3.26,2.08,-1.24,-3.92,.62,1.85,.11,-4.13,.91,-.64,-1.64,-1.9,-.74,-.87,2.47,-3.45,-2.52,2.77,.9,-3.41,.41,-4.93,3.18,6.77,2.27,-7.96,-1.79,-4.65,-23.89,.63,-4.18,5.06,2.1,2.93,-.79,.67,3.59,.67,5.21,-6.68,1.76,.07
197211,4.6,-1.2,4.85,.37,1.42,8.74,1.09,4.85,10.14,6.5,1.8,4.34,.3,10.05,-12.84,-2.41,.23,6.03,2.21,8.99,8.25,4.74,13.28,2.7,6.23,2.72,10.32,9.07,2.5,5.87,2.63,4.61,15.77,6.11,6.39,7.04,12.55,4.24,1.15,-1.16,6.5,6.03,7.94,3.78,5.61,3.9,6.06,6.31,-.69,7.88,9.65,8.79,7.46
197212,.62,-1.95,-2.19,.37,-2.84,1.67,3.17,-.81,-3.29,1.74,11.6,2.55,4.41,-3.02,.49,3.5,3.85,.95,-2.4,-1.08,-2.41,2.19,-5.64,2.62,-.54,.29,-.2,-3.75,-2.22,-3.98,3.95,2.91,-3.34,1.11,-1.54,1.45,-3.7,-.87,2.6,-10.59,-.59,6,2.81,.03,-3.91,-.32,1.38,2.79,1.18,-4.18,-4.88,-.45,-.22
197301,-3.29,-3.49,2.68,.44,-.97,-3.24,-2.2,-5.25,.16,-14.83,-10.83,-8.69,-4.1,-6.82,-22.04,-4.27,0,-2.58,.55,-7.9,-8.29,-7.45,-1.17,-8.53,-4.36,-5.75,-5.91,-8.42,-1.76,-3.78,8.08,2.11,13.88,5,-4.28,-2.12,-11.54,-5.04,5.84,-14.47,-8.14,-1.02,-5.62,-3.03,-10.38,-7.1,-3.95,-4.76,-5.41,-8.91,-9.55,-8.86,-5.91
197302,-4.85,-3.87,1.6,.41,-1.93,-3.93,-3.7,1.93,-1.13,-13.31,-9.54,-4.85,-.9,-9.75,-12.27,-5.25,.58,-.38,-5.65,-8.33,-6.83,-12.08,-1.6,-4.85,-3.89,-6.17,-6.71,-5.84,-.44,-6.06,4.63,5.06,-.09,-7.42,-1.98,-4.64,-11.4,-8.08,-1.67,20,-5.94,-7.11,-5.18,-3.92,-6.14,-6.36,-5.88,-12.18,-5.93,-5.18,-10.93,-6.39,-8.66
197303,-1.3,-2.82,2.62,.46,-3.05,-2.01,.35,.78,.59,-4.26,-4.3,-1.51,-1.38,-4.68,-15.74,-.18,1.21,.72,-3,.54,-1.61,1,3.68,3.27,-4.18,.03,-2.27,-1.47,-1.31,2.91,-.62,-1.59,.66,3.17,-2.16,.53,-4.74,-2.87,.24,1.28,-6.22,-3.37,2.68,2.48,3.33,-6.07,-6.37,1.15,-.05,-.28,-3,-.69,-4.94
197304,-5.68,-3.85,5.41,.52,-8.05,-5.19,-1.93,-5.09,-8.64,-10.23,-6.85,-13.26,-5.46,-8.08,-13.38,-5.56,-5.38,-3.63,-7.46,-6.86,-3.04,-9.96,-1.17,-5.52,-6.02,-10.15,-3.1,-9.23,.43,-6.39,6.83,-3.06,-9.55,-1,-.58,.86,-12.79,-6.81,-5.83,-27.85,-10.02,-6.42,-.54,-6.31,-8.57,-7.78,-7.94,-17.44,-6.04,-7,-11.77,-10.75,-16.78
197305,-2.94,-6.3,.41,.51,-7.9,-1.19,-.12,-.53,-1.93,-6.33,-5.85,-2.02,-.42,-7.44,-12.01,-3.31,2.2,-1.11,-3.67,-5.69,-3.66,-7.65,-5.16,-6.25,-3.04,1.83,-6.01,-6.48,2.78,-3.57,4.08,-3.79,-2,-3.45,.36,-.84,-18.55,-7.75,-2.78,-28.07,-.35,-4.27,1,3.37,-10.48,-7.33,-1.61,-5.7,-2.3,-3.2,-12.24,-3.45,-24.78
197306,-1.57,-2.86,1.2,.51,5.67,-6.43,1.48,-1.14,3.58,-8.7,-11.72,-6,1.36,-12.77,-19.05,-3.21,.88,-1.55,-4.5,-5.34,-2.73,-.81,-2.68,-4.83,-1.8,3.33,-3.01,-11.1,2.41,-3.68,1.63,3.33,-10.09,1.69,-2.47,-.32,-.69,-6.74,.99,-9.76,-3.56,-2,-.77,.23,-5.4,-5.38,-5.46,-9.1,3.82,1.71,-.35,1.68,5.98
197307,5.05,7.97,-5.31,.64,17.48,7.35,3.2,5.38,5.35,17.21,13.71,11.25,4.65,12.74,27.56,8.29,6.37,7.2,12.42,9.54,12.86,16.54,7.1,9.3,12.49,8.73,5.77,15.19,10.95,7.27,1.65,9.55,-3.86,.38,-2.39,-.3,23.04,15.35,1.08,21.71,14.62,16.13,9.99,3.26,7.96,16.2,9.91,17.57,8.97,11.04,11.26,8.15,7.63
197308,-3.82,-2.13,1.24,.7,2.74,-1.54,-2.9,-1.61,-7.32,-.56,-3.6,-4.06,-4.48,-7.99,-9.93,-.48,-8.29,-1.81,-7.31,-4.74,-2.29,-1.4,1.09,2.71,2.22,-5.27,-3.24,-4.75,-1.94,2.49,-8.92,2.93,-11,-3.68,-2.09,-3.93,-6.91,-1.48,-3.7,-13.97,-3.31,-5.41,9.3,.56,-3.94,-1.74,-4.75,-1.58,-.97,-1.5,-8.72,-3.3,-2.81
197309,4.75,3.04,2.01,.68,12.43,7.6,5.17,-.77,1.4,11.67,-4.29,7.64,-1.06,10.01,19.81,2.38,.22,10.36,10.26,6.39,9.03,13.76,9.85,5.78,8.84,9.64,7.41,6.72,13.64,3.66,2.76,12.19,29.12,9.15,7.9,7.66,6.55,9.5,-9.44,8.3,13.05,12.75,5.13,5.37,12.27,9.82,6.76,8.89,6.77,8.01,7.51,7.52,5.19
197310,-.83,-.45,1.94,.65,-3.81,-2.23,-2.71,1.6,-.45,-6.88,-7.78,-4.31,-.89,-7.02,-8.26,1.46,2.04,2.61,-8.56,1.56,-.54,2.09,7.4,9.15,1.83,-3.08,-7.17,-1.15,1.88,-.03,8.43,6.62,11.67,5.19,-3.38,-5.54,-9.12,-3.32,6.76,5.13,-3.12,4.78,3.48,-2.18,.13,-.15,-3.85,-7.15,1.09,-4.93,-9.77,-2.04,-.78
197311,-12.75,-7.67,3.87,.56,-16.06,-12.12,-12.34,-13.86,-7.94,-22.79,-30.68,-16.88,-12.07,-25.1,-17.63,-7.8,-7.65,-17.92,-16.66,-20.91,-16.88,-15.59,-14.15,-4.52,-13.52,-9.9,-21.17,-21.08,-2.28,-15.16,6.69,-7.36,-12.03,-6.13,-11.61,-1.94,-22.38,-17.1,-8.06,-29.75,-18.36,-19.83,-11.6,-12.83,-14.66,-18.49,-17.32,-31.61,-13.75,-7.48,-23.3,-12.9,-13.18
197312,.61,-5.35,3.85,.64,3.79,-.66,-2.66,1.99,2.32,-6.28,1.11,-4.29,-3.02,-8.47,2.08,-2.63,-4.99,5.74,-4.67,-7.1,-.98,4.28,10.51,8.04,2.99,-10.8,-3.57,-8.16,18.29,-4,20.17,5.24,10.34,8.61,3.41,4.53,-.9,-.24,-6.06,-18.8,-.2,1.02,10.22,.12,7.02,-2.97,-.82,6.21,1.84,2.15,-7.05,2.91,.27
197401,-.17,9.68,6.02,.63,2.29,6.15,-5.44,-.83,3.02,8.82,8.58,-1.01,-2.6,9.65,-1.47,-3.52,-2.28,2.2,9.56,10.97,5.8,.45,4.91,-6.51,-2.9,-.89,11.69,10.45,-.31,16.63,11.17,2.98,5.75,-7.65,4.55,2.01,5.18,.61,-.3,37.07,4.98,3.05,-.14,.69,.48,5.52,7.81,.93,.14,-1.61,14.81,.73,.98
197402,-.47,-.18,2.81,.58,13.82,1.4,-2.37,-1.74,1.84,-2.59,-.32,-5.28,-3.42,2.3,-3.58,-4.18,-.48,1.93,-2.78,.43,4.41,2.07,3.44,-2.89,.53,-1.8,-.35,8.96,-2.03,8.82,-.19,2.3,5.52,-1.56,.27,4.75,-1.43,-.77,-1.24,1.62,1.73,-.33,.82,1.52,7.87,2.39,1.34,-5.12,1.65,-2.18,-3.4,1.26,-1.04
197403,-2.81,2.6,-.32,.56,-1.57,-1.56,-4.04,-2.2,-5.99,5.3,3.61,5.79,-.23,-1.58,-2.47,5.18,.31,1.47,1.18,2.86,.16,-5.24,-2.66,-7.36,-4.74,-2.21,.15,-4.59,-7.92,-3.67,4.66,-9.32,4.64,-3.41,-3.63,-4.58,2.29,-2.44,-1.16,1.06,-8.56,2.05,2.2,-1.42,-4.85,1.59,-4.48,5.05,-4.38,-4.53,1.61,-4.01,-3.08
197404,-5.29,-.74,.85,.75,-9.26,-2.65,-4.15,-3.66,-2.77,-7.56,-7.96,-6.47,-4.2,-4.77,-12.25,-1.95,-1.26,.95,-5.41,-.5,-4.53,-6.66,.19,-7.11,-4.5,-4.04,-2.1,-.21,-10.27,1.56,-12.26,-6.27,2.51,-6.38,-12.19,-5.31,-9.29,-9.36,-3.09,-13.67,-4.36,-4.82,.2,-2.5,-3.93,-1.94,-2.05,-3.14,-5.1,-9.19,-10.93,-6.89,-5.39
197405,-4.68,-2.96,-2.02,.75,-7.03,-4.88,-1.14,-4.48,5.57,2.4,-.89,-1.33,1.01,-6.91,-8.25,2.81,-.77,-.11,.14,-6.91,-8.26,-9.11,-8.88,-12.36,-4.17,-6.04,2.42,-2.9,-13.37,-2.53,-8.55,-7.73,-8.18,-7.44,-4.89,-1.52,-8.32,-8.88,-5.21,-5.61,-1.61,-1.48,-9.75,-1.45,-4.69,-3.9,2.15,-2.11,-10.89,-8.82,-11,-9.95,-6.75
197406,-2.83,-.17,.77,.6,-11.85,-.92,2.6,-3.24,-.5,-8.29,-2.64,1.47,-.52,-3.04,-8.55,-1.7,-1.54,.42,-.02,-2.09,-4.66,-2.22,2.99,-1.69,-.75,-7.98,-3.52,-3.04,6.45,-1.76,3.59,1.83,-6.2,-.15,-6.17,.3,-10.93,-2.92,-1.31,-8.42,-6.99,-4.48,-.68,2.23,-1.39,-4.16,-2.08,-6.7,-10.25,-4.06,-12.48,-5.02,-6.91
197407,-8.05,.84,5.16,.7,-.44,-9.28,-20.02,-11.31,-6.75,-13.05,-12.98,-6.01,-13.47,-4.04,-3.1,-13.08,-14.4,-4.28,-6.14,-2.61,-5.5,-11.99,4,-8.3,-7.18,-7.78,-10.74,-5.97,-7.37,-3.29,21.2,.86,-8.97,-.58,.79,-7.62,-4.22,-7.3,-7.32,-15.29,-12.26,-12.92,-.93,-9.19,-6.99,-4.23,-13.56,-14.7,-7.01,-10.07,-7.17,-5.97,-7.96
197408,-9.35,-.73,2.64,.6,-2.37,-10.35,-14.2,-17.77,-2.89,1.91,-5.66,-12.76,-11.99,-5.02,-12.27,-11.7,-7.14,-10.88,-11.13,-7.36,-11.27,-2.3,-7.99,-9.94,-9.64,-10.62,-4.75,-8.6,-13.65,1.99,-7.62,-11.55,-1.31,-8.59,-8.62,-.04,-6.81,-11.67,-5.21,-15.01,-3.57,-4.39,-9.95,-7.28,-9.65,-9.96,-14.03,-8.12,-11.54,-12.55,-14.58,-11.51,-9.24
197409,-11.77,.27,5.58,.81,-9.15,-7.19,-26.26,-16.73,-12.15,-18.67,-23.28,-7.07,-17.36,-9.76,-7.59,-14.64,-15.85,-10.16,-13.8,-9.64,-11.75,-12.07,-8.14,-10.8,-11.94,-13.44,-9.29,-5.68,-13.83,-9.6,-26.12,-7.23,-6.17,-7.92,-1.34,-3.82,-8.98,-7.24,-17.53,-3.96,-15.3,-18,-15.76,-14.97,-9.09,-10.62,-11.24,-21.75,-9.05,-4.26,-5.49,-6.88,-11.49
197410,16.1,-3.46,-9.87,.51,20.23,19.23,23.73,9.69,22.54,9.13,9.82,1.23,16.65,3.92,13.59,21.03,31.8,17.91,6.01,5.6,13.76,21.71,9.77,17.32,23.13,17.76,-2.33,7.02,18.9,5.57,26.54,17.38,46.06,20.73,13,10.85,20.81,15.49,16.83,-3.98,8.88,13.01,13.95,20.7,19.02,17.16,8,15.38,25.06,26.82,1.07,16.28,21.34
197411,-4.51,-1.21,-.2,.54,-2.23,-.71,-11.1,-4.04,.87,-4.06,-2.31,-3.85,-5.19,-11.67,.8,-4.19,-.53,-9.97,3.83,-13.88,-4.33,-5.88,-1.4,2.94,-3.38,-7.43,-6.07,-.45,-.56,-3.15,-6.06,-1.55,3.87,-4.27,-.15,-3.09,-.9,-5.58,-4.99,-8.11,-3.25,-7.65,-3.38,-10.49,-6.98,-4.66,-5.98,-6.61,-3.02,.1,-8.81,-2.13,-1.33
197412,-3.45,-4.83,.11,.7,-8.74,1.43,-.34,-7.66,2.01,-16.29,-.61,-3.43,-5.34,-2.97,-6.65,-4.67,-3.06,-3.79,-8.58,-2.34,-5.45,-9.72,-3.85,-3.48,-3.87,-4.73,-.08,-5.14,-8.64,-10.66,-15.59,-4.94,.65,.81,-.83,1.57,2.75,-3.52,-5.79,-11.12,-4.14,-4.6,-4.98,-7.1,-5.74,-2.38,-2.75,-10.06,-4.61,-.83,-12.8,-1.75,-6.08
197501,13.66,11.14,8.28,.58,9.25,17.85,26.2,26.09,5.21,27,36.26,23.13,17.35,32.37,36.47,5.13,-2.15,10.39,20.58,20.46,27.95,11.47,17.75,11.17,11.73,19.13,21.89,19.04,14.38,20.42,6.48,14.58,18.25,6.3,18.84,11.11,15.09,25.38,12.63,39.93,23.46,17.6,14.95,6.3,17.54,17.71,27.09,28.81,22.11,9.98,45.39,16.19,15.48
197502,5.56,.16,-4.44,.43,2.31,4.27,6.12,10.93,-3.4,5.95,22.21,11.16,11.48,-.03,25.92,14.64,16.26,8.9,5.24,3.48,3.3,8.75,1.64,10.41,7.82,12.28,.29,8.09,6.59,3.28,12.22,4.94,-2.2,2.37,.92,5.16,7.67,5.39,14.64,1.73,6.83,19.93,5.36,11.3,5.53,6.35,3.86,16.45,-2.05,3.84,-.4,.43,4.03
197503,2.66,3.78,2.38,.41,-.22,2.7,14.26,4.92,5.87,13.42,16.74,9.75,3.5,22.55,4.2,.28,1.48,5.97,12.94,8.85,7.92,13.14,11.62,3.05,5.74,4.02,6.87,13.47,-.91,-.56,5.7,9.41,18.1,-2.52,-1.34,-.85,3.7,4.5,-1.81,33.72,6.78,10.78,5.35,-2.63,4.07,7.68,10.94,14.8,1.86,3.04,15.84,2.26,2.62
197504,4.23,-.65,-1.14,.44,6.57,.3,3.81,-3.6,5.13,10.53,6.23,8.33,6.7,5.58,13.15,2.53,.16,16.07,8.31,9.15,3.84,7.31,9.51,.02,6.3,8.72,3.16,11.81,4.37,5.96,-5,12.7,22,7.01,-1.58,-.95,1.77,2.15,3.94,-10.33,8.95,10.34,11.94,11.12,4.45,4.71,.92,13.74,2.01,-2.52,-9.6,3.25,4.53
197505,5.19,3.83,-4.1,.44,2.37,6.1,9.1,4.96,1.84,.15,6.67,3.83,2.38,1.99,14.35,3.99,6.96,.3,8.16,3.85,5.42,4.97,-5.08,4.37,5.03,12.61,3.85,11.81,7.13,3.44,9.77,5.76,23.22,12.14,8.45,3.52,7.13,7.37,4.02,3.89,10.99,7.01,3.16,7.61,-.51,3.47,4.48,1.98,5.63,11.04,4.55,4.86,5.63
197506,4.83,.87,1.38,.41,8.97,6.93,.54,3.52,4.76,4.59,6.97,4.17,3.24,10.34,1.89,2.15,.61,4.34,2.41,6.68,4.4,13.28,6.37,14.09,5.11,2.28,9.54,10.28,.56,12.96,5.74,4.7,-3.11,6.44,10.77,4.07,3.26,7.65,-.44,6.08,8.39,5.48,2.3,2.57,3.94,6.44,7.7,5.68,7.67,5.66,8.29,5.54,5.74
197507,-6.59,2.7,1.69,.48,-3.61,-4.07,-9.57,-4.47,-6.65,-6.48,-6.98,-5.7,-7.99,-3.62,-9.01,-9.11,-12.77,-4.43,-4.41,-3.4,-4.63,-10.07,-6.59,-2.89,-4.66,-6.38,1.13,-7.9,-.66,-3.9,-7.34,-3.55,-3.12,-4.19,-4.78,-4.22,-2.25,-7.1,-9.72,16.28,-8.53,-9.72,-2.97,-10.12,-2.67,-1.31,-8.1,-8.48,-6.69,-8.65,-8.6,-7.18,-4.77
197508,-2.85,-3.25,-.95,.48,-9.33,-.9,-4.25,-4.63,-4.57,-4.43,-.24,-3.25,-4.46,-5.84,-7.7,-3.61,-3.19,1.83,-.6,-2.65,-1.21,-2.74,3.74,-5,-1.82,-5.55,-2.57,.79,-9.05,-7.68,-13.58,-7.68,-3.8,-.86,-1.3,-3.59,-4.38,-4.96,-1.67,-19.26,-3.62,-9.92,4.31,-1.65,-3.17,-3.19,.41,-3.89,-8.27,-5.72,-7.49,-4.53,-4.61
197509,-4.26,-.1,.39,.53,-4.74,-1.67,-5.76,-5.7,1.5,-5.3,.37,-5.69,-4.12,1.82,-7.36,-6.52,-6.53,-8.53,-3.44,-.43,-7.08,-4.92,-5.25,-6.44,-3.9,-7.45,-1.29,-3.2,-8.48,-6.14,-7.64,-2.77,1.5,-1.21,-.97,-1.25,-.5,-7.16,-.29,-7.08,-2.13,.55,-8.2,-5.64,-3.71,-3.57,-3.55,-3.12,-10.69,-5.05,-10.01,-6.07,-6.11
197510,5.31,-4.03,.28,.56,11.86,12.82,15.57,.85,6.25,-.94,2.02,7.54,9.45,12.7,4.55,11.45,10.61,6.6,5.35,8.49,5.85,-2.44,-2.82,-1.62,2.87,.47,9.47,2.54,-2.81,6.41,-3.57,-2.68,-16.04,-1.1,6.51,6.81,3.66,3.9,10.63,8.58,3.57,4.49,7.51,10.66,4.79,3.1,10.53,11.97,3.56,6.69,-3.38,5.6,4.06
197511,2.64,-1.2,2.03,.41,-2.43,2.31,6.94,2.57,5.9,6.38,1.04,3.01,3.83,8.46,6.85,5.31,5.04,2.1,3.81,4.24,4.76,-5.14,1.62,-7.58,.86,6.51,4.27,-1.86,8.35,7.14,-8.35,-.98,2.96,-1.76,3.12,4.25,1.72,4.07,5.9,-5.3,4.2,-.41,1.61,6.75,4.78,1.42,4.41,11.02,4.87,8.76,-1.49,3.1,2.63
197512,-1.6,-.78,1.69,.48,-1.91,-1.49,-4.15,.45,-.32,-2.92,-3.13,.01,-3.36,-.98,-3.6,-5.11,-6.71,-.04,-2.68,-.97,.21,3.76,2.13,-2.73,.29,-5.16,1.15,-3.25,-3.96,-2.89,5.1,.87,3.27,.01,1.33,-.09,-2.02,-1.64,-1.12,-8.66,-.67,-3.55,.77,-6.1,2.13,.73,-3.73,-2.17,.72,-4.14,4.46,.49,-1.35
197601,12.16,4.81,8.63,.47,10.17,6.26,12.09,15.93,7.5,23.15,18.3,15.61,12.38,22.59,18.24,9.57,7.15,20.01,19.17,20.51,19.27,10.67,21.23,24.81,18.74,17.48,13.88,18.75,13.7,16.91,6.49,14.33,21.73,8.09,8.37,9.5,11.2,15.36,17.31,40.89,20.96,19.54,20.65,13.26,14.04,16.24,7.93,11.69,13.18,6.34,20.3,14.11,11.2
197602,.32,7.06,5.87,.34,-.63,-3.16,-6,1.66,-1.1,5.82,.28,2.98,-2.11,4.98,8.42,-5.18,-7.15,2.62,9.35,4.46,5.14,5.26,5.22,5.48,4.36,2.73,4.29,4.42,6.16,8.17,8.75,.95,1.13,-3.29,-3.53,3.56,5.31,4.89,.23,21.77,4.16,.48,4.29,-2.47,6.67,7.48,4.31,4.84,-1.46,4.12,14.01,3.1,3.7
197603,2.32,-1.16,-.12,.4,-1.47,-.17,3.51,.32,.75,-2.01,1.07,-2,3.09,5.15,-5.82,2.82,7.77,-3.58,-1.36,.7,3.25,1.58,-.04,-2.3,.56,-.2,4.86,6.38,5.13,1.08,-3.84,6.94,-4.17,7.53,1.42,.59,-2.83,-2.34,2.75,-3.44,3.01,5.92,2.76,6.37,-2.23,.55,4.32,-.08,5.17,2.45,4.64,2.19,.85
197604,-1.49,-.11,-.16,.42,-1.16,.24,-4.09,-4.26,-1.39,3.74,-6.97,-1.97,-4.35,-2.11,-2.07,-1.99,-4.93,.01,1.62,-4.29,.32,-3.79,1.36,.01,-.09,1.44,1.43,4.5,-4.74,2.28,7.04,1.12,11.8,1.92,.65,1.72,-1.83,-3.59,-2.97,-2.76,-3.82,-6.19,-1.51,-1.8,.49,-1.34,-5.18,-5.65,-2.98,-4.11,-1.74,-1.69,-.02
197605,-1.34,-1.23,-1.36,.37,-4.94,.23,-1.14,-5.41,-2.34,.71,-3.71,-3.02,-2.91,-8.61,-1.92,-2.09,-3.01,-2.58,-1.41,-5.25,-3.95,-4.62,.41,4.91,2.51,-1.26,-2.98,2.5,-3.81,7.34,-2.55,.32,10.13,5.43,-1.38,-2.95,.33,-1.68,.67,-15.81,.51,.05,.77,-5.82,1.72,1,-6.35,-7.48,-1.22,-4.45,-8.14,-1.63,-1.37
197606,4.05,-1.32,.71,.43,2.28,6.12,4.13,5.75,-2.7,3.82,5.49,3.45,6.22,1.13,4.36,-.33,4.67,-.28,2.14,.69,2.67,9.58,4.72,11.99,6.47,5.8,3.26,11.84,8.97,5.53,-4.98,7.24,5.19,5.08,4.27,3.58,6.12,8.45,8.06,-10.07,8.82,8.12,-.96,2.6,4.98,1.95,.81,5.98,7.74,8.16,4.73,4.88,3.3
197607,-1.07,.29,1.73,.47,2.26,1.46,3.84,-.41,2.73,1.41,-9.7,1.81,-2.29,-1.65,-.19,1.98,-.99,-2.25,.67,-1.62,-2.22,-3.1,-2.42,-5.07,-1.92,-1.22,-.39,-4.81,-.77,3.3,-5.67,-3.37,-6.76,-.5,2.82,1.24,-.27,-1.57,-2.59,-8.37,-.91,-3.81,-3.57,3.95,.16,-2.32,-1.79,-5.52,-.46,6.91,-.5,.14,1.17
197608,-.56,-2,.81,.42,-4.03,-.29,-.32,-.96,3.86,-5.43,-.96,-1.04,-.54,-3.21,-3.49,1.51,2.47,-3.23,-3.25,-2.45,-1.54,-.59,-3.6,-2.79,-2.46,-1.65,-.26,.23,1.57,-.05,-10.6,-1.49,-8.61,-.69,2.93,4.73,-.81,-2.44,.24,-18.04,-.34,-11.35,-2.41,.74,-3.97,-2.65,4.69,-3.42,-1.84,3.54,-2.1,-.31,-1.96
197609,2.07,-.02,-.29,.44,2.03,.26,.52,-2.22,6.63,-.2,-.24,5.45,-.44,2.29,8.04,2.41,3.85,.39,.42,-.68,3.34,2.5,1.67,2.54,.17,4.42,5.87,4.44,1.51,-3.13,6.3,.65,7.38,5.95,4.1,1.61,5.09,2.64,2.68,-3.94,2.98,4.17,2.62,3.95,-.43,.6,.41,-.33,-1.58,1.89,6.56,1.52,1.52
197610,-2.42,.22,-.18,.41,.31,-1.61,-4.02,-2.79,.16,-3.71,2.7,-.38,-2.73,-1.05,-3.64,-4.85,-3.47,-2.5,-1.36,-1.02,1.3,-3.6,-5.96,-7.84,-3.23,-5.08,-1.76,-6.07,-6.83,-1.04,4.64,-1.96,-4.35,-2.37,-.84,1.27,-3.02,-2.89,-3.53,2.43,-6.37,-7.75,.69,-5.27,-3.87,-4.17,-.26,-2.88,.77,.96,-2.2,.41,-2.06
197611,.36,2.32,1.51,.4,3.1,2.39,-2.14,-8.23,2.42,.21,-2.08,4.47,-1.2,8.15,2.06,-5.6,-10.97,-5.01,2.94,5.27,4.12,.45,-.13,-.48,1.59,-.36,.51,4.01,.55,5.89,4.57,.19,.52,.87,3.16,3.15,3.31,2.19,.63,-10.25,2.92,7.18,2.15,-1.84,4.66,2.61,5.48,2.85,.27,2.25,3.03,2.61,2.18
197612,5.65,3.03,2.27,.4,9.52,4.88,.7,9.3,3.97,9.8,15.38,8.81,3.78,6.99,12.6,2.69,7.04,10.14,6.37,5.56,7.62,9.01,7.6,8.25,6.09,3.16,10.01,5.29,9.78,5.47,1.54,6.73,6.51,6.27,6.53,3.46,8.95,10.53,3.15,18.16,5.74,1.84,4.47,3.3,4.81,7.24,1.65,4.06,11.04,6.6,11.14,8.23,8.08
197701,-4.05,4.76,4.27,.36,-3.49,-4,-5.45,-12.08,-4.91,-6.84,-3.59,-2.39,-8.3,-.52,5.84,-10.89,-8.67,-5.6,2.47,-1.18,-5.31,-4.33,-3.73,1.24,-4.79,-3.27,-3.04,-2.85,3.16,2.53,.54,-3.32,-1.01,.28,.8,.1,.68,-.99,-3.32,4.4,-4.53,-8.32,-10.5,-6.54,-3.56,-.82,-7.42,-11.34,-5.06,-6.12,-.32,-3.57,-2.9
197702,-1.94,1.04,.47,.35,5.92,-1.9,1.68,1.03,-.37,-5.06,-5.12,-2.45,-2.24,-4.55,-8.8,-.64,.15,-.72,-1.82,-4.59,-1.34,2.11,-.61,-4.64,-.39,-.5,-3.14,-.45,-2.22,-3.44,15.94,-4.94,3.14,-3.08,-3.4,.97,-6.19,-2.01,.05,1.77,-1.89,-2.58,1.21,1.72,-3.22,-2.62,-1.58,-2.4,-2.31,-.25,-1.63,-1.66,-1.58
197703,-1.37,1,1.09,.38,-4.5,-1.09,-.28,-3.36,-2.77,.3,-.96,-1.49,-3.24,-.99,-.87,.59,-2.39,-.51,-1.29,-1.02,1.08,-.81,.63,-1.83,4.16,3.99,-5.13,-.68,2.79,.91,-.12,2.6,1.32,-2.16,.15,-1.03,-1.35,.98,-.64,-7.28,1.05,2.65,-1.34,-.11,-.06,1.53,-3.05,-5.36,-.81,-.97,1.66,-.16,.84
197704,.15,-.12,3.38,.38,.59,.99,-3.2,-1.84,2.05,-4.91,.99,.8,-.51,2.51,1.6,-5.4,-5.34,-.49,-2.05,2.21,2.03,5.51,.95,15,3.59,4.34,2.24,2.24,3.89,8.51,-4.31,.87,-3.83,2.71,1.95,.67,-.26,.74,-5.96,3.33,2.61,-2.08,1.14,-1.1,5.19,-2.48,-3.97,.69,-.12,6.8,4.35,2.16,1.54
197705,-1.45,1.18,.85,.37,5.06,-.44,-2.03,-2.42,1.31,-6.31,1.95,.5,-3.04,-4.86,-1.57,-.4,-2.26,-3.65,-.71,-4.41,-3.21,-.33,-5.77,1.88,-.04,-1.94,-.43,2.3,-3.02,4.84,-4.57,-7.75,-10.66,-.18,1.67,1.42,1.97,-.31,-3.14,1.21,1.52,4.56,-7.07,-.61,1.24,.37,-3.71,1.92,-2.77,.31,-.11,.67,-.09
197706,4.71,2.09,-.74,.4,-1.04,4.62,3.94,1.55,2.42,4.05,11.24,8.58,5.94,6.44,15.74,9.06,8.83,.22,9.47,5.45,3.99,4.83,.02,3.65,3.14,5.96,4.63,10.77,1.79,1.87,1.8,-2.04,10.24,5.98,5.72,1.96,16.99,9.51,8.2,-.82,6.84,7.93,2.58,2.62,2.43,2.75,5.86,11.01,5.96,6.36,6.42,5.85,4.93
197707,-1.69,2.16,-.56,.42,-.76,1.94,4.62,-3.85,1.88,3.05,-3.14,-.56,-1.69,-1.17,3.18,-3.77,-2.01,-3.38,-3.04,-.84,-3.55,-.73,-7.41,-1.76,-6.83,-.48,-2.59,-2.23,-.32,1.72,2.76,-6.47,-8.99,-1.7,.87,-.85,-.93,.46,1.44,1.99,-3.66,-2.02,-4.95,-1.72,-2.23,-2.51,.15,.35,1.18,1.03,.09,-.41,.83
197708,-1.75,1.48,-2.7,.44,-1.94,-1.04,2.7,1.74,2.35,-2.78,2.62,-1.31,2.52,.34,-.59,3.97,3.9,-2.97,-3.11,-1.27,-1.87,-1.39,-5.22,6.16,-2.13,-.66,-1.16,-3.33,-.98,-6.33,-3.03,-.75,-5.02,-5.74,-3.25,-2.26,-.31,-.33,1.48,-4.15,-2.27,.23,-3.09,.84,-3.73,.67,4.91,5.32,-.71,-.81,.49,-1.82,-.45
197709,-.27,1.34,-.52,.43,-4.14,.44,1.06,1.36,-1.02,-1.86,-2.01,-.52,-.83,2.66,12.21,1.28,-1.84,-.42,2.41,-.24,-1.6,1.87,-5.74,.71,1.78,-2.43,2.99,-3.53,-1.8,.11,8.13,-4.02,-.02,.79,2.01,3.47,2.35,-.43,-2.59,3.38,-.23,-.05,-1.36,-.64,-1.71,-.59,-1.21,2.54,-.91,.85,-1.89,.27,1.18
197710,-4.38,1.25,1.75,.49,-3.7,-5,-3.33,-4.28,-2.3,-10.04,-2.91,1.51,-6.57,-1.82,-4.03,2.07,-2.61,-3.16,-3.43,-3.73,-1.15,-6.14,-.04,-2.9,-5.51,-1.69,-4.6,-3.07,-3.39,-9.42,-4.87,-7.8,-2.31,-3.61,-3.14,-5.05,-2.83,-2.95,-2.35,-.93,-5.18,-5.19,-7.31,-4.44,-3.91,-3.91,-2.93,-4.17,-5.92,-4.81,-4.55,-4.01,-3.91
197711,4,3.73,.26,.5,7.13,3.23,3.2,5.42,2.68,6.75,11.63,7.44,2.45,8.88,9.97,3.71,6.54,2.98,6.87,6.98,7.23,5.12,1.51,4.64,7.3,4.92,1.99,8.18,3.5,7.68,3.33,4.77,4.39,3.43,4.3,2.21,9.19,7.5,4.47,6.64,6.62,7.08,6.19,2.56,7.23,6.34,5.21,9.76,5.26,8.46,9.87,4.88,6.18
197712,.27,1.32,-.29,.49,3.74,-.41,.61,-2.52,-1.82,-.91,3.23,4.08,-.54,.62,12.4,1.67,-.14,1.32,.91,-1.11,-.29,1.26,4.4,.09,1.28,-1.6,-.97,1.73,-2.83,1.78,-.7,1.97,-2.66,1.93,-.32,2.16,2.29,2.17,3.48,1.21,.17,.61,-.22,.54,1.29,3.16,-2.34,2.11,-1.84,-.86,1.9,1.61,1.82
197801,-6.01,2.24,3.36,.49,-5.46,-5.35,-4.58,-.37,-6.21,-3.07,-10.2,-8.56,-7.37,-5.79,-5.15,-5.59,-.7,-6.39,-3.15,-1.17,-6.16,-7.89,-4.57,-.55,-7.11,-2.86,-6.32,-6.73,-6.17,-3.13,4.33,-7.31,-5.18,-6.93,-4.57,-4.16,-5.16,-5,-3.79,-3.6,-6.6,-7.32,-7.62,-4.43,-1.44,-5.23,-6.83,-7.75,-5.64,-6.78,-2.3,-6.09,-3.87
197802,-1.38,3.59,.83,.46,.6,.25,-.89,.08,.67,-1.08,-.29,-1.13,-3.1,2.04,3.22,-3.16,-3.21,-4.84,1.66,-.06,-.22,.44,-3.78,1.77,-.55,-2.43,1.19,4.37,-3.27,-.29,-5.43,-1.29,2.27,-1.16,-.4,4.11,1.7,1.66,-4.21,4.61,-2,-1.58,-5.9,-1.88,-1.44,1.58,-1.29,3.92,-1.38,2.37,1.85,-.05,-.33
197803,2.85,3.49,1.18,.53,8.95,1.1,6.42,3.14,3.98,8.52,9.72,10.21,2.39,7.4,10.16,2.51,4.34,4.04,7.85,3.25,5.66,6.08,6.2,4.29,3.41,3.1,6.02,9.92,6.76,14.05,3.13,5.49,-6.07,2.19,2.48,2.63,7.34,7.28,-3.79,11.68,6.6,2.58,4.68,1.12,4.76,6.51,1.77,7.15,5.46,5.05,11.98,4.69,5.44
197804,7.88,.45,-3.54,.54,1.92,5.03,10.48,4.31,8.57,9.08,14.55,9.67,13.67,6.86,6.88,11.79,8.64,10.88,7.8,5.4,9.87,11.77,8.87,6.84,11.74,12.36,8.2,13.25,13.04,5.32,-4.7,4.91,13.21,6.64,.23,2.96,5.72,6.96,13.7,14.54,12,15.6,11.41,11.58,9.48,7.68,11.52,10.52,10.05,10.52,10.12,9.76,8.41
197805,1.76,4.56,-.52,.51,14.28,3.75,4.78,5,2.59,7.05,7.36,4.73,4.39,3.39,8.16,1.58,6.08,.32,5.98,3.62,2.7,3.66,3.39,5.73,5.2,8.84,-1.21,12.11,4.88,2.16,12.11,3.35,-3.43,.9,.71,-.38,7,5.69,.32,6.47,3.66,4.23,2.62,4.19,2.53,4.2,-.31,7.92,1.2,1.2,4.96,1.31,4.15
197806,-1.69,1.66,.57,.54,-1.67,1.69,-1.9,-1.62,.04,-2.24,.13,-.63,-1.95,-3.25,3.61,3,.52,-2.45,1.1,-1.16,-1.29,-2.51,-6.17,-.82,-.96,-2.48,-2.97,3.58,3.84,3.64,-1.65,-5.22,-1.08,-3.79,.82,-1.53,2.16,.29,-.26,3.51,-1.2,1.67,-2.93,2.29,-.53,-1.07,-2.19,2.51,-.92,.92,4.01,-1.13,.87
197807,5.11,.23,-1.15,.56,2.17,2.29,2.47,6.02,4.51,7.04,7.54,7.12,7.39,1.71,17.86,5.69,9.31,5.44,4.16,3.66,8.48,2.96,8.15,4.14,6.01,8.84,3.78,16.51,9.75,13.28,10.63,7.89,2.85,3.45,2.82,1.44,5.87,7.52,9.9,19.31,6.28,6.31,11.46,7.83,11.63,5.53,5.35,5.74,5.46,4.39,3.76,5.39,5.85
197808,3.75,5.06,-.51,.56,5.37,3.38,4.02,-.32,1.34,2.96,8.88,7.05,2.75,5.95,7.69,3.47,.02,4.86,3.03,10.46,8.08,11.33,.54,5.91,4.15,1.43,2.33,4.51,4.17,3.68,-1.48,7.42,-.94,5.24,.47,3.57,11.25,5.15,6.03,19.83,6.18,3.94,5.86,4.91,4.4,7.69,5.48,11.04,4.84,5.51,10.95,6.04,7.24
197809,-1.43,-.43,1.89,.62,.85,.03,-2.79,1.43,2.07,-2.57,-5.15,-2.9,-3.13,-1.48,-1.12,-2.77,-2.83,-.37,-4.18,2.97,-2.59,2.08,1.24,-2.1,-.64,-4.48,.88,-7.85,-2.59,-3.84,1.89,3.37,.54,4.83,-.26,1.22,-6.26,-2.83,-5.3,-7.89,-2.61,.55,-1.71,-4.68,-3.86,-2.03,-2.35,-.25,-.07,-2.21,1.56,-.92,-1.29
197810,-11.91,-9.86,1.38,.68,-21.3,-10.02,-9.58,-14.66,-8.24,-17.14,-18.69,-13.18,-9.22,-15.4,-24.35,-15.14,-11.68,-9.63,-15.22,-18.62,-15.68,-20.14,-11.95,-16.41,-13.93,-13.29,-10.54,-15.39,-18.22,-10.95,-8.43,-11.07,-17.59,-10.5,-7.08,-4.53,-17.83,-17.12,-7.49,-27.74,-16.11,-18.31,-9.97,-6.02,-17.74,-16.6,-13.01,-23.41,-10.28,-12.87,-26.33,-10.88,-17.12
197811,2.71,2.97,-2.15,.7,10.1,.41,2.9,4.45,2.56,.66,11.37,2.34,3.21,3.21,11.01,5.88,4.77,1.15,3.57,4.37,.44,2.29,1.3,3.09,3.53,2.64,.55,10.38,4.95,7.76,-13.16,2.85,6.43,6.21,3.01,3.01,3.05,5.75,4.05,12.74,6.96,8.86,-.13,2.8,3.83,5.6,2.01,4.74,-.22,4.45,4.83,1.81,3.99
197812,.88,1.29,-2.13,.78,1.5,.57,3.88,3.35,2.49,-.7,3.83,3.17,.93,1.47,15.38,-1.2,4.09,.08,1.64,-1.17,1.24,1.11,.2,-1.22,3.08,-.23,-.37,2.6,3.29,5.28,6.38,3.92,-1.76,3.02,-1.23,.1,2.98,.33,9.1,2.79,-.17,7.5,-1.22,3.56,-1.08,3,-1.51,-2.86,.74,2.71,5.33,1.18,2.82
197901,4.23,3.62,2.19,.77,5.32,4.17,-.09,6.63,.54,6.27,4.98,6.43,3.38,10.42,-2.41,4.34,.89,6.49,6.59,8.55,8.8,7.07,13.38,8.31,5.44,7,5.73,5.06,3.12,4.07,10.53,11.18,9.9,3.1,6.35,3.65,4.13,5.31,3.37,11.4,7.29,2.15,12.54,2.41,3.82,5.82,6.34,6.94,2.95,6.32,6.2,6.46,7.52
197902,-3.56,.45,1.17,.73,-4.27,-3.98,-4.14,-3.89,-3,-7.39,-5.85,-3.46,-5.22,-2.99,-5.04,-8.33,-3.53,-2.28,-4.04,0,-3.15,-2.62,-3.67,-5.16,-2.95,-5.45,-3.6,-12.97,-6.06,-5.19,7.08,-.18,-.44,.66,-1.62,-.63,-9.45,-4.57,-2.77,-10.45,-4.71,-3.5,-2.34,-5.64,-5.52,-1.84,-4.32,-4.87,-4.13,-2.51,-2.91,-3.29,-2.79
197903,5.68,3.26,-.71,.81,6.98,2.42,1.88,8.01,5.24,8.01,6.87,3.04,4.77,9.48,12.56,4.25,4.9,9.71,6.71,7.9,7.92,14.73,9.09,4.42,7.26,5.02,6.69,7.08,7.09,5.39,3.09,9.67,16.21,9.21,2.35,.17,11.58,7.95,7.03,23.05,7.99,12.22,10.05,4.86,9.66,7.45,5.84,9.33,6.08,9.95,13.4,6.89,8.98
197904,-.06,2.15,1.12,.8,5.72,.16,-2.8,2.24,-.21,7.15,-.29,1.87,.78,-.37,-1.28,1.05,.36,-1.96,7.78,1.36,2.8,3.53,-.64,1.02,-.45,-.01,2.48,-1.06,-1.45,.97,4.01,-2.36,-7.15,4.47,-2.72,-2.12,3.67,3.5,.05,2.3,.31,.95,-2.64,-1.6,.34,-.38,.73,6.68,2.05,.18,2.02,1.65,2.23
197905,-2.21,.21,1.31,.82,.32,-1.47,-1.41,-4.66,-2.8,.38,-3.69,-2.58,-2.7,.42,-4.48,.78,-3.37,-2.91,-1.18,-1.6,-1.87,-1.05,-2.61,-.1,-.75,-.99,-1.57,-5.87,-1.46,.82,7.43,1.51,7.05,-2.43,1.39,.09,-1.84,.14,-2.06,-3.88,-1.27,-3.45,-.83,-.74,.95,-1.28,-2.71,-3.25,1.02,-1.01,-.63,.24,-1.7
197906,3.85,1.17,1.44,.81,6.48,3.35,2.3,6.07,5.51,3.42,1.48,1.7,.94,.96,9.53,4.48,4.69,3.89,7.06,3.68,3.11,13.77,2.17,13.57,5.93,10.23,2.63,4,10.01,3.44,2.15,10.66,13.97,9.12,4.99,1.95,2.56,5.15,-1.91,5.29,5.66,4.75,2.16,1.98,2.68,3.66,2.71,2.7,9,10.25,8.18,7.78,6.68
197907,.82,1.28,1.86,.77,.84,.69,1.44,.75,4.78,1.42,5.77,3.93,.52,1.92,8.99,.85,-.52,4.15,-.8,.81,3.68,3.98,4.51,6.42,2.88,2.41,.79,3.81,3.76,2.38,-2.17,4.03,-3.32,1.77,2.12,-.11,4.86,3.94,-3.31,-1.34,1.76,-.07,-.45,-1.94,7.99,1.23,.87,3.1,2.73,2.13,9.85,3.89,1.19
197908,5.53,2.05,-1.58,.77,6.18,7.74,4.2,11.69,8.74,9.06,3.89,8.38,6.67,9.15,11.23,8.13,8.48,6.99,7.44,3.93,9.18,5.19,7.14,7.42,5.98,5.87,5.07,12.66,17.39,15.08,14.08,7.01,3.06,8.04,2.05,1.57,9.05,7.57,4.22,10.82,7.78,12.78,8.33,6.56,5.66,7.76,9.2,6.25,5.4,4.57,14.42,4.77,5.78
197909,-.82,-.27,-.9,.83,-1.55,-1.09,-3.7,-1.03,-4.97,1.45,2.55,.43,-3.82,-1.15,-.74,-2.59,.01,2.54,.12,-2.37,-.45,2.93,2.55,-4.62,-1.04,-4.63,1.97,-.22,3.08,-2.6,13.95,4.74,3.19,5.88,-2.14,-2.39,-.39,-.32,-2.38,-2.44,-1.31,1.03,.24,-3.71,-3.77,3.4,-2,-3.91,-2.56,.06,-2.19,-.52,-.2
197910,-8.1,-3.37,-1.84,.87,-9.18,-7.82,-9.69,-9.59,-3.78,-9.56,-8.44,-7.24,-7.48,-9.18,-6.11,-7.67,-3.4,-7.9,-10.5,-9.3,-10.57,-4.77,-11.62,-2.73,-8.8,-6.69,-11.47,-8.92,-4.16,-8.66,-11.42,-11.26,-16.55,-2.21,-5.8,-5.08,-10.63,-9.51,-7.87,-11.52,-6.99,-8.7,-9.79,-7.22,-11.24,-8.95,-8.57,-11.95,-10.89,-8.83,-13.16,-9.99,-9.32
197911,5.21,2.87,-3.29,.99,14.02,5.02,3.24,7.92,6.56,2.35,10.35,2.88,1.2,7.88,18.97,8.45,8.21,6.57,.87,3.97,4.8,9.65,.78,7.34,7.46,4.81,-3.7,11.02,16.81,11.91,11.93,9.63,18.04,8.83,7.79,4.05,9.1,9.51,8.21,16.93,7.54,10.44,-.11,1.1,6.68,9.52,3.36,.79,3.99,8.21,11.4,6.71,7.63
197912,1.79,4.17,-2.1,.95,8.33,2.27,.7,4.2,3.07,4.74,10.83,5.04,2.93,5.06,9.45,4.39,1.03,5.22,4.26,8.14,4.4,7.56,8.19,5.5,2.94,4.6,1.2,9.65,3.43,9.49,29.6,14.23,5.59,2.65,-.92,-1.51,.94,4.6,.66,14.23,2.72,6.73,4.77,1.52,3.83,9.78,1.17,5.87,2.01,1.71,8.68,1.33,5.77
198001,5.51,1.62,1.75,.8,.3,3.63,1.64,11.04,-.63,10.79,4.34,4.32,1.28,1.12,7.55,.73,-2.43,4.32,8.9,5.14,6.88,16.97,17.5,11,7.68,8.12,9.82,25.33,19.76,9.71,17.57,14.84,7.89,14.23,1.6,-2.05,5.78,6.7,6.69,6.94,7.64,10.04,7.29,2.39,9.56,5.43,-.36,5.38,-1.99,3.38,8.31,3.79,7.45
198002,-1.22,-1.85,.61,.89,2,-5.21,-8.77,-2.3,-4.8,-2.25,-4.38,-6.99,-4.67,-.51,-3.02,-7.54,-4.01,-1.32,-5.29,-1.14,-1.95,-3.91,.1,-5.45,-3.21,-4.3,-6.37,-8.12,-9.05,-3.43,8.91,3.9,-1.18,12.75,-3.36,-1.48,-8.26,-1.97,-4.09,3.05,-1.97,-4.53,.37,.1,-4.46,-2.5,-5.44,-5.49,-7.66,-8.71,-2.25,-1.86,-1.78
198003,-12.9,-6.64,-1.01,1.21,-21.23,-9.95,-.46,-13.43,-.71,-11.6,-6.96,-11.57,-4.44,-5.43,-4.62,-2.29,-2.84,-11.99,-13.77,-14.53,-14.57,-14.98,-18.64,-19.02,-12.26,-8.92,-9.9,-12.46,-11.13,-15.25,-26.04,-19.25,-21.07,-17.76,-6.67,-2.64,-11.73,-16.02,-13.72,-17.85,-11.53,-9.6,-14.18,-7,-13.9,-9.85,-8.01,-13.22,-4.42,-7.62,-23.2,-11.24,-16.07
198004,3.97,1.05,1.06,1.26,5.77,8.92,3.58,4.31,9.57,-3.95,9.01,3.08,4.3,2.39,12.15,7.03,2.97,5.02,-2.25,5.74,3.48,4.98,2.31,2.6,.23,2.42,-2.67,-3.04,1.86,1.89,6.04,-.48,2.19,6.9,11.96,7.3,7.96,8.66,-.29,7.55,3.65,-3.02,2.05,5.45,.29,-1.74,4.77,6.48,8.55,6.58,11.23,5.74,8.88
198005,5.26,2.13,.38,.81,7.18,8.73,5.38,9.76,8.95,5.93,4.05,9.57,6.41,1.45,3.32,6.27,7.45,7.58,10.07,7.59,9.4,3.25,5.17,6.49,5.89,7.89,3.14,.57,-.3,3.72,10.7,6.54,16.19,3.94,4.61,5.02,4.78,8.42,3.27,9.46,7.12,7.34,7.25,6.46,11.41,12.28,9.49,12.08,6.58,6.38,11.21,9.2,7.65
198006,3.06,1.66,-.76,.61,7.25,3.02,-1.73,3.73,5.66,2.82,-1.04,2.51,1.16,4.17,6.86,.01,-.3,2.28,2.63,1.8,3.21,15.96,2.4,12.08,6.01,.6,1.8,-.11,1.85,2.26,33.57,6.58,6.43,5.8,4.54,-.58,5.64,3.96,3.95,2.43,1.64,2.5,2.51,-.92,1.59,1.97,2.41,4.17,4.94,4.6,6.9,4.93,5.13
198007,6.49,4.14,-6.41,.53,9.35,3.23,11.36,9.02,7.33,12.43,6.33,10.88,10.39,15.01,21.67,8.9,7.62,8.6,4.81,11.47,11.63,19.83,12.76,10.16,11.85,14.6,12.86,11.93,9.11,16.25,6.72,8.81,6.52,1.61,-.12,1.02,14.04,11.34,14.47,30.46,14.55,21.61,11.01,7.93,16.5,11.97,10.97,9.16,1.56,1.36,8.66,4.72,8.54
198008,1.8,3.92,-2.6,.64,10.21,.27,-1.67,1.26,-.76,7.56,1.67,5.2,.85,1.73,3.39,2.14,-.53,3.14,4.03,4.94,.61,4.26,1.09,4.91,.86,-.82,3.15,1.57,3.6,.25,9.63,4.81,.12,3.83,-1.08,6.31,3.92,6.48,2.95,18.84,5.87,1.02,-.37,.23,.27,7.02,.32,.2,-.5,2.34,3.79,2.92,5.76
198009,2.19,.98,-4.59,.75,2.03,.32,-4.5,1.06,-1.56,7.25,1.25,4,.5,2.77,5.75,4.18,3.2,2.1,.98,-.15,.84,6.33,4.59,5.85,5.9,1.74,1.85,4.3,4.48,3.46,20.95,8.76,7.18,6.8,.17,-1.59,3.29,5.73,-.13,10.11,5.09,5.3,-1.07,1.06,1.57,7.24,-.74,3.47,-1.11,3.39,5.18,4.22,3.79
198010,1.06,2.47,-2.76,.95,6.12,-.91,-3.46,.47,3.88,3.58,-1.83,-.9,.53,.81,1.63,3.45,-2.93,-.98,2.44,1.79,1.85,13.88,-1.03,6.94,3.36,2.49,-4.23,-3.13,-1.67,-.03,-3.65,1.07,.67,8.09,2.01,-3.24,1.52,3.77,1.9,11.37,1.82,1.09,1.9,-1.3,6.36,-.29,-1.81,-1.67,-.95,-4.57,1.76,2.46,3.87
198011,9.59,-3.36,-8.33,.96,12.69,-1.36,.38,.18,2.43,14.71,19.42,2.72,5.49,2.77,11.39,9.55,8.27,9.3,2.93,-1.79,5.61,11.28,5.55,13.29,12.56,11.93,-1.09,17.51,18.44,16.6,-.18,10.38,14.5,24.66,7.51,.01,4.6,10.53,6.92,13.15,12.26,18.1,6.08,5.58,13.18,9.06,.93,-1.99,2.67,-1.55,3.97,9.97,9.91
198012,-4.52,-.26,2.79,1.31,-5.9,2.16,8.25,-4.07,.82,-8.56,-.34,1.65,-.84,-1.49,2.9,2.06,5.58,-1.95,-4.81,-2.48,-3.18,-8.49,-4.3,-6.55,-4.01,-4.62,-.18,5.92,2.16,5.12,-17.38,-3.99,-9.71,-10.88,-2.02,.83,-5.16,-2.24,.78,-.68,-4.46,-2.39,-2.72,-2.68,-5.66,-6.74,.22,-.11,9.81,3.41,.95,.06,-3.1
198101,-5.04,2.92,6.72,1.04,2.87,1.51,4.56,4.56,-1.07,-8.44,-1.43,-.89,-.99,7.82,.41,-3.3,-1.31,.79,1.37,7.34,.02,-11.53,.72,-4.04,-6.73,-2.48,-1.14,-6.85,-11.78,-8.97,-10.97,-7.09,-7.97,-10.38,-2.72,5.53,.22,-1.28,-8.18,-11.52,-7.85,-9.56,1.87,.37,2.15,-3.13,.49,1.13,-.86,-1.52,-.85,-3.79,-2.72
198102,.57,-.34,1.02,1.07,-5.88,1.22,6.97,3.17,3.27,.76,5.28,2.62,8.95,2.46,-2.9,3.76,1.91,3.89,-1.32,1.21,4.17,.02,2.55,-1.42,3.6,2.01,6.82,-3.84,-1.48,-.68,-5.88,-2.83,-.69,-.47,-1.32,2.16,6.73,.29,.3,-6.72,.97,.44,6.87,7.89,2.07,-1.39,3.21,7.16,2.4,1.72,1.55,1.81,1.55
198103,3.56,3.54,.64,1.21,4.06,8.18,4.1,7.96,5.44,12.58,14.11,7.45,2.99,8.73,16.18,3.87,5.19,2.58,10.33,4.77,8.81,5.61,19.95,10.41,5.42,9.38,7.86,2.92,1.63,5.22,13.87,17.6,4.29,-2.56,2.96,1.16,5.99,10.41,1.67,12.7,9.61,6.88,7.67,3.63,11.78,13,13.46,9.41,2.72,12.12,11.83,6.9,5.56
198104,-2.11,4.4,2.28,1.08,4.47,.42,-1.93,-2.05,1.01,4.49,.72,5.96,-.49,-3.27,4.37,2.19,3.05,-2.34,4.38,10.65,-.94,-7.6,-1.58,1.33,-.01,5.08,1.63,1.03,.31,-1.23,.56,-.74,-6.47,-7.46,-2.58,6.21,6.31,3.78,-2.2,6.48,2.12,3.85,-4.46,-1.43,2,-1.35,4.27,4.6,.34,2.35,-.81,.19,3.24
198105,.11,2,-.42,1.15,4.47,1.42,6.17,1.28,1.89,5.92,6.16,5.49,-.17,1.67,12.04,5.1,1.83,-1.37,3.66,.62,.9,-3.93,-.08,3.61,-1.11,3.35,2.92,-.68,-1.9,.5,1.9,-.89,.37,-4.06,1.95,7.14,-.17,2.64,3.35,12.4,4.69,7.09,-.01,-1.05,5.28,1.94,2.57,3.06,5.24,1.66,-.77,2.09,2.85
198106,-2.36,-.83,5.13,1.35,-.5,-.7,-1.67,.6,1.33,-9.39,-4.9,-.8,-1.62,1.6,-9.22,-7.27,-4.54,2.27,-2.6,-.28,-1.24,-4.34,-6.36,-1.64,-3.13,-4.61,-2.65,-2.83,-1.49,-6.58,-19.68,3.76,1.15,4.8,3.45,-1.91,2.13,-4.38,-5.79,-10.43,-7.33,-9.34,-.23,.47,-6.96,-2.56,-1.17,-1.26,2.69,2.6,1.15,.86,-3.42
198107,-1.54,-2.19,-.5,1.24,-.16,-.64,-2.4,-1.08,2.19,-7.04,-7.05,-1.5,-2.87,.27,-3.15,-3.36,-4.16,-3.76,-1,-3.03,-5.6,-3.91,.18,5,.48,-5.42,-3.53,-6.34,-8.4,-3.93,6.15,4.62,9.09,7.85,2.81,.37,-4.38,-3.82,-4.46,-1.96,-2.87,-2.19,-3.25,-4.13,-4.35,-3.5,-2.8,-6.18,-3.71,-4.76,-2.46,-2.09,-1.05
198108,-7.04,-1.95,4.76,1.28,-5.88,-5.36,-3.57,-5.72,-5.68,-2.72,-7.91,-4,-6.21,-5.68,-16,-10.87,-5.56,-6.4,-9.13,-6.82,-6.36,-5.78,-7.23,-5.43,-6.87,-4.46,-8.84,-10.7,-14.77,-8.01,8.83,-1.61,-12.37,-6.34,-.83,-.8,-6.12,-6.36,-5.07,-4.4,-9.47,-10.02,-8.54,-5.14,-7.84,-2.18,-6.07,-10.35,-5.37,-4.69,-6.52,-5.18,-7.4
198109,-7.17,-2.65,5.17,1.24,-2.59,-3.3,1.35,-.63,.23,-2.21,-2.04,-5.09,-2.34,-3.15,-.94,1.56,-2.19,-8.97,-6.6,-2.2,-8.24,-12.94,-9.52,-11.6,-9.64,-5.37,-3.97,-4.83,-5.2,-6.02,-14.21,-16.16,-8.74,-12.34,-5.56,2.81,-2.5,-7.02,-3.39,-8.34,-3.78,-4.8,-7.82,-5.15,-5.68,-9.31,-2.81,-3.12,-1,-.11,-9.43,-3.96,-9.01
198110,4.92,2.23,-4.21,1.21,6.54,8.13,11.53,8.27,5.87,11.22,11.6,8.54,1.53,2.69,14.89,9.52,6.53,6.2,6.94,5.86,1.18,-3.59,1.24,14.7,3.6,4,-8.74,6.77,11.79,7.44,-6.46,1.8,13.92,9.96,4.86,6.03,5.73,11.15,1.81,16.14,8.36,7.9,.69,2.96,9.03,9,5.53,10.84,5.9,8.29,6.62,7.91,9.56
198111,3.36,-1.03,1.83,1.07,3.91,2.02,.68,3.36,3.75,-3.75,3.22,5.67,5.95,.5,-4.46,6.89,4.3,3.81,2.31,.28,5.45,10.05,4.41,1.56,6.04,3.52,2.76,-1.42,-5.38,-7.15,-1.36,4.32,5.39,6.88,5.91,2.64,5.76,4.06,2.9,-4.96,1.66,-3.49,10.48,7.38,4.75,1.42,1.18,1.65,5.06,5.76,5.84,5.94,2.58
198112,-3.65,1.2,.81,.87,1.88,1.52,-2.92,-2.15,-5.91,-.44,-2.13,-3.33,-1.28,-2.41,-5.71,-1.19,.07,-2.45,-2.47,1.04,-1.81,-1.9,-2.66,.76,-2.76,-.56,3.16,-.17,2.75,.3,-8.95,-5.9,-5.89,-6.55,-2.33,-1.43,-.61,-1.83,2.06,-3.15,-2.3,-1.79,-3.17,-.05,-3.79,-2.89,-1.77,-3.39,-5.45,-4.46,-2,-2.89,-3.3
198201,-3.24,-1.28,3.19,.8,-7.69,.74,-2.21,1.84,.68,-.27,6.91,-4.58,4.74,-1.3,-3.14,1.93,1.9,-4.85,-3.87,2.29,-6.11,-8.2,-8.9,-6.7,-5.34,-2.1,-.96,-4.59,2.53,-2.68,-11.34,-16.17,-7.52,-8.59,-.69,.67,-3.29,-4.62,6.38,.67,-2.73,4.22,-5.03,-1.22,-3.57,-2.09,1.21,-.59,-1.03,.69,-4.03,-3.83,-4.04
198202,-5.86,.44,6.05,.92,-3.66,1.83,-6.87,-1.55,-3.66,-8.71,-4.53,-1.26,-3.34,-4.01,-5.31,-1.61,-1.43,-7.35,-.27,-5.1,-5.13,-9.75,-4.71,-6.87,-8.34,-3.92,-3.13,-5.44,-8.88,.63,-8.27,-7.84,-12.93,-10.92,-.45,-5.7,-2.33,-5,-4.06,-9.35,-5.4,-8.77,-2.53,-2.55,-4.94,-3.33,-.6,-2.63,-2.19,.01,-4.32,-4.49,-5.05
198203,-1.87,-.21,3.81,.98,-5.49,2.12,8.03,4.73,3.65,6.08,4.82,.16,.99,.81,-2.82,-1.37,-2.88,-1.24,-1.99,.45,-2.35,-6.64,-5.17,-11.12,-3.82,2.39,4.75,.39,.74,-9.13,-6.55,-14.2,-6.59,-3.58,1.63,2.05,1.53,-2.48,-5.6,-5.94,-.79,-2.74,-2.5,-.58,.78,-.87,4.94,7.23,-.93,1.6,-.74,-2.34,-.69
198204,3.27,1.47,-2.7,1.13,9.9,6.35,5.85,9.92,7.13,7.97,2.03,5.09,2.08,5.92,9.86,8.21,6.76,4.89,2.76,10.17,3.39,1.18,1.6,3.67,.28,6.62,5.14,5.12,13.96,7.28,-2.45,.46,3.36,4.41,3.83,-.17,7.39,7.28,6.6,12.78,7.76,10.19,4.66,2.18,3.57,3.08,6.09,5.27,3.72,-.02,4.09,4.57,6.37
198205,-3.99,.52,1.75,1.06,-5.55,-2.75,-1.14,-2.5,-4.66,-6.49,-4.5,-5.64,-1.99,.21,-6.96,-1.85,-2.91,-4.43,-3.04,-2.94,-4.64,-6.81,-6.82,-2.32,-8.35,-3.49,.08,-4.25,-9.19,-2.94,-10.46,-5.7,-10.13,2.61,-.5,-1.05,-9.12,-4.1,-5.2,-4.94,-6.15,-3.8,-6.75,-3.91,-6.52,-1.86,-2.61,-4.3,-7.33,-6.25,-.59,-4.43,-4.33
198206,-3.09,-.4,1.53,.96,-3.53,1.94,3.53,2.15,2.69,-1.13,3.5,-.01,1.56,2.91,.35,1.65,-1.56,-4.87,-3.04,-2.87,-2.59,-4.71,-6.7,-17.54,-5.46,-2.03,3.97,-2.17,3.51,-3.88,-12.73,-7.14,-5.8,-6.47,-2.24,-2.55,-3.23,-1.84,-2.1,-6.92,-1.62,-4.59,-.52,1.24,.88,-.55,3.45,1.71,-2.15,-2.49,-6.45,-2.59,-3.31
198207,-3.19,.83,.09,1.05,-5.47,-.38,4.55,8.67,-5.5,4.24,-3.78,-2.12,1.73,-.89,8.45,-.97,.33,-4.42,-3.38,1.46,-1.13,-8.01,-4.61,-3.64,-5.96,-1.57,-3.75,3.84,.98,1.34,4.08,-11.29,-10.67,-7.93,-2.61,1.17,.49,.54,3.89,-9.41,.09,-2.24,-3.37,-.54,-6.1,-1.44,.54,-.11,-3.73,-3.66,-4.17,-2.58,-.2
198208,11.14,-4.14,.95,.76,.94,7.2,8.15,4.05,13.47,7.55,-.05,12.21,12.38,11.61,18.15,13.8,11.01,15.17,5.33,8.98,14.13,18.74,13.32,1.47,11.84,15.19,15.66,20.62,14.37,32.64,39.25,13.43,10.76,9.81,11.91,10.84,14.56,10.17,12.45,17.34,11,19.67,15.5,14.7,11.29,16.27,11.63,11.85,11.19,8.08,8.68,12.75,5.85
198209,1.29,2.95,.28,.51,7.71,2.35,5.98,6.18,4.43,.38,-.35,9.02,.39,11.24,3.22,-1.91,2.13,-.41,3.48,2.65,.67,2.4,-5.19,-5.71,-4.75,-2.57,-1.54,.56,-1.96,-1.38,4.07,-3.12,-2.59,1.99,1.09,1.05,7.27,5.1,1.64,8.06,.06,-.57,-1.37,1.93,-2.75,4.01,5.7,1.18,6.64,8.1,2.6,5.24,3.43
198210,11.3,2.34,-3.66,.59,10.88,8.9,1.53,6.97,12.16,19.29,20.92,16.91,11.88,11.97,16.81,6.93,7.37,12.48,11.58,16.77,18.59,24.2,9.31,9.67,11.41,17.87,17.32,16.21,2.21,15.13,22.32,10.35,9.21,5.58,4.89,8.18,12.08,15.6,14.89,33.4,18.88,17.7,17.87,13.25,18.02,18.06,17.19,12.51,20.4,10.43,19.54,14.6,15.41
198211,4.67,4.67,-1.87,.63,4.62,3.81,6.64,7.06,-2.02,11.81,5.7,11,8.79,9.95,12.31,7.67,3.29,3.07,8.78,3.96,11.11,13.94,3.65,3.14,4.84,7.19,8.39,4.46,-3.39,6.03,12.12,-1.02,-.38,-4.44,.1,6.02,7.45,11.33,10.27,7.72,9.24,14.61,5.72,4.33,11.28,11.13,11.96,6.06,6.36,7.68,15.66,5.99,9.17
198212,.55,-.22,-.02,.67,3.18,1.75,-.99,-3.95,-.38,-8.8,-16.85,3.48,-1.25,-.12,4.08,2.11,-.64,-1.98,2.62,4.57,4.06,-1.59,5.69,4.68,4.58,1.48,6.08,2.19,3.76,-4.32,23.13,6.1,1.41,5.51,4.29,-1.22,-.79,1.76,5.78,-7.67,-1.06,.58,-.16,1.82,-.83,.11,-3.01,-1.38,-4.84,-.43,2.34,-2.1,1.19
198301,3.6,2.73,-.75,.69,.95,.1,-3.09,1.65,-1.38,9.95,1.1,-3.92,3.71,-2.23,-3.23,.78,2.62,9.16,6.48,4.26,2.63,6.67,8.08,5.14,6.08,6.6,2.36,7.37,13.25,1.91,23.19,12.04,7.1,3.65,3.64,12.34,2.09,6.05,7.64,22.2,8.62,10.48,2.37,.62,6.71,4.82,.78,.19,1.99,-1.22,3.68,.28,7.02
198302,2.59,3.27,.7,.62,7.7,.95,.23,4.68,2.03,12.86,6.76,7.88,4.54,8.84,7.78,2.28,1.98,4.16,11.69,5.98,5.4,-.17,3.94,-.37,.84,5.28,.45,6.25,7.51,2.27,-25.53,-5.97,-7.95,-.31,1.45,-.29,7.42,8.41,2.65,-.42,4.21,6.36,5.93,5.79,5.82,8.83,7.46,9.42,5.83,8.36,7,4.48,4.45
198303,2.82,1.73,2.02,.63,3.86,5.26,6.86,11.21,5.7,-9.37,.7,9.97,.43,12.46,14.04,3.06,3.17,1.15,8.28,8.03,5.43,5.42,2.93,2.36,.49,-1.75,-.81,6.73,1.19,6.11,4.88,2.65,-.07,6.05,.3,.71,1.36,1.98,1.11,4.41,1.67,-3.8,2.47,2.58,1.59,3.59,10.58,4.05,8.05,6.93,11.8,6.21,.71
198304,6.67,.5,.49,.71,-3.18,6.13,4.12,5.38,4.54,3.49,6.83,8.94,6.04,9.04,4.82,4.48,5.4,8.75,6.08,6.81,3.6,9.61,3.05,3.27,5.89,.71,16.02,4.94,13.97,13.84,11.43,8.39,2.69,9.52,4.78,5.13,12.36,5.86,11.24,5.68,3.67,-1.4,8.12,8.08,3.28,6.71,9.7,7,12.14,4.52,8.28,9.41,8.48
198305,.52,6.24,-1.4,.69,3.3,.29,-4.35,-3.31,-4.9,9.61,4.65,.02,-5.9,.21,.6,-2.28,-3.53,4.38,6.33,2.33,1.36,5.94,9.51,6.23,4.92,7.05,-1.49,.6,3.64,5.86,13.03,9.14,11.26,1.21,2.63,-1.26,-1.32,3.58,-.63,9.76,5.86,10.76,1.36,2.71,4.61,2.18,.01,3.41,-.77,-1.45,5.71,1.65,6.35
198306,3.07,.95,-3.9,.67,.58,2.13,-1.02,-.01,-.41,11.56,.37,6.06,4.24,8.15,4.96,6.19,7.58,.96,2.66,7.39,-.65,-.88,-1.98,3.34,3.69,7.05,10.41,7.5,3.83,4.17,-5.85,1.02,9.04,6.46,-.41,.22,3.34,4.73,6.3,.62,4.98,9.78,-2.48,-.28,8.2,6.97,6.18,7.98,-1.17,-.27,-3.66,1.19,4.12
198307,-4.07,1.5,5.62,.74,6.13,-2.09,-5.49,-.36,1.17,-2,-9.97,-4.12,-6.06,-5.66,-8.22,-9.75,-3.55,.14,.52,-.67,-3.26,-5.53,-.77,7.36,-3.03,-7.3,-1.61,-5.99,-1.36,-.65,-1.36,.21,-1.38,-2.32,1.04,-5.17,-4.43,-7.45,-4.39,-11.66,-4.13,-7.27,-.7,-3.39,-5.01,-7.18,-2.19,-5.54,-2.31,-6.76,-5.33,-.63,-2.98
198308,-.5,-4.28,5.54,.76,-2.71,1.13,5.85,3.22,5.67,.19,-3.96,-1.97,-1.22,-6.5,-5.39,-3.57,.78,6.89,-4.35,-.29,-3.9,-4.86,7.82,-8.46,-1.09,-2.18,-3.24,-5.17,-8.4,-1.98,3.31,.79,1.15,7.26,1.51,2.19,-2.56,-2.37,-.54,-2.81,-2.34,.72,-.14,-.6,-2.36,-2.56,-5.4,-3.5,1.16,1.75,-2.52,.11,-6.32
198309,.91,.61,1.01,.76,.85,6.61,2.06,4.72,8.53,2.3,2.5,3.79,3.1,1.11,-2.22,1.8,1.93,-.16,2.33,1.85,3.82,1.3,-2.42,.65,4.16,3.36,4.78,3.68,14.44,5.21,-18.58,-4.47,4.14,-4.93,4.66,2.26,.36,2.07,3.45,2.92,1.52,-1.44,1.67,5.1,1.29,2.69,1.99,3.73,3.05,1.99,4.6,1.39,2.03
198310,-3.44,-3.57,4.97,.76,-4.28,4.19,2.73,-2.73,2.66,-5.3,-3.34,-5.05,-1.39,-4.58,-11.05,-4.85,.66,-2.87,-4.65,-4.18,-3.38,-10.26,-5.21,-4.73,-4.81,-2.48,2.4,-3.79,.14,-1,-13.18,-10.68,-6.74,-2.05,3.07,-5.22,-4.51,-9.1,-4.83,-14.93,-6.63,-11.99,-.49,1.95,1.66,-5.18,-.92,-2.96,-6.67,-1.16,-4.84,-2.17,-8.93
198311,2.16,2.01,-.72,.7,4.53,2.04,7.11,-3.47,.79,4.48,-.07,2.55,8.4,1.1,-3.3,-2.62,-3.05,2.44,.62,8.83,7.9,6.96,9.49,2.12,6.16,10.85,-.01,10.85,6.26,4.55,17.95,5.98,3.26,-.6,-1.57,3.17,7.42,4.91,-2.3,8.71,7.87,9.84,12.4,4.1,7.11,4.68,4.23,5.38,7.22,3.66,4.97,2.56,4.38
198312,-1.78,-.27,1.73,.73,1.15,.31,-.99,-2.68,3.39,-.8,6.86,-2.01,.25,-3.26,1.62,-3.6,-4.62,-3.06,-1.02,-1.77,-1.09,-1.8,1.14,-.26,1.23,-.41,.72,-1.63,-.11,-3.45,-1.93,-1.92,-6.12,1.99,-3.63,-1.52,.13,-2.55,2.45,-4.53,-2.79,2.74,-1.98,-1.87,-.91,-1.07,-6.02,-4.37,-.32,-1.11,-3.79,-.6,-2.46
198401,-1.92,-.38,7.58,.76,2.69,2.85,-3.45,-1.59,4.89,-7.85,1.37,-5.36,-5.69,-7.31,2.45,-5.64,.29,-4.22,.87,-4.3,-3.62,-.82,-1.94,-1.92,-1.04,-4.56,-4.03,-1.19,-6.76,-5.46,-.88,1.75,.84,10.07,1.49,4.06,-7.07,-5.96,-5.69,-13.17,-6.4,-5.88,-5.61,-3.45,-4.19,-4.2,-6.33,-4.21,2.97,-4,-2.8,.01,-5.49
198402,-4.82,-1.69,3.33,.71,-6.7,-5.35,.62,-7.39,-7.66,-6.1,-9.15,-8.38,-5.41,-1.85,-4.06,-6.46,-.31,-7.21,-6.17,-7.78,-7.26,-2.89,-7.78,-6.81,-7.5,-7.38,-6.7,-6.88,-7.44,-11.2,13.91,-.21,-4.66,3.96,-3.36,-3.7,-6.38,-5.88,-4.39,-8.12,-7.57,-9.47,-5.32,-3.37,-7.53,-4.63,-4.36,-5.72,-6.53,-1.82,-7.26,-5.09,-6.11
198403,.63,.07,.46,.73,3.69,.23,5.88,-1.48,-1.79,2.28,10.15,6.58,2.52,.41,1.55,-2.8,-.58,6.08,2.69,-2.4,4.56,3.7,5.9,4.77,4.71,-.48,-2.44,-3.86,-2.58,4.18,-.01,7.28,2.54,.14,-.23,-4.21,.34,2.8,2.11,-4.1,1.56,3.22,8.34,-.32,1.5,3.2,.36,3.89,-2.26,6.23,2.34,1.74,-.25
198404,-.51,-1.16,1.2,.81,-3.71,.09,1.62,-.47,-1.39,4.45,-5.31,2.37,-.09,-.66,5.98,3.25,1.39,1.07,1.67,.37,-1.58,-5.37,-5.59,1.68,-1.51,3.14,1.12,.69,7.6,2.98,-9.77,-3.6,2.13,4.09,-.4,2.18,-3.32,-.96,.57,-10.34,-.67,-1.9,-1.55,2.76,-3.91,-.78,.75,-1.81,-.69,-3.45,-3.14,.12,-.95
198405,-5.97,.06,.31,.78,-4.44,-2.7,.16,-.26,-.76,-9.71,-2.03,-3.18,-2.03,-6.16,-4.29,-13.61,-4.99,-6.72,-6.41,-4.3,-8.85,-10.34,-9.48,1.31,-7.8,-8.63,-5.78,-1.3,-7.04,-8.54,-3.93,-5.94,-3.46,-5.08,-.83,-3.49,-3.12,-4.22,-5.17,-9.17,-4.8,-6.54,-9.74,-2.51,-4.73,-7.05,-5.01,-3.18,-10.31,-9.18,-2.85,-5.04,-7.13
198406,1.82,-.3,-2.66,.75,2.89,7.34,5.53,.77,6.72,-.99,1.54,8.5,3.3,4.47,2.53,-.58,5.2,.16,3.62,2.47,1.76,0,-1.51,-.58,-.81,5.11,3.89,9.15,13.4,5.71,-8.92,-10.29,-4.79,-2.19,.47,12.26,8.56,6.23,-.45,8.81,4.63,3.97,3.84,8.76,2.52,6.18,7.59,7.39,1.66,4.21,-.53,1.49,5.02
198407,-2.74,-2.21,.36,.82,-.62,-2.58,3.16,-2.87,.4,2.14,-4.96,-1.68,.05,-5.56,1.14,-2.41,-5.3,-2.3,-4.97,-8.51,-2.06,-3.61,-9.2,-7.41,-5.11,-2.42,4.15,3.99,.47,4.52,-19.81,-12.96,-7.66,-7.15,-.03,2.89,2.83,-4.29,.72,-14.78,-4.6,-3.92,4.46,-1.7,-2.71,-3.83,1.05,-1.86,.98,-2.13,-3.07,-.58,-2.9
198408,10.28,-.24,-1.82,.83,10.92,9,2.52,5.86,9.8,16.9,6.58,11.06,7.42,9.92,16.02,14.55,7.78,13.67,11.32,8.21,13.43,9.4,13.97,9.35,12.67,14.98,9.68,13.76,18.93,12.08,13.92,20.98,11.2,13.77,7.75,7.15,12.79,13.99,13.17,17.95,15,12.75,10.61,11.2,10.89,13.86,9.11,7.54,10.96,13.81,9.92,10.07,10.58
198409,-.8,.17,5.28,.86,-3.69,3.05,3.38,1.03,4.02,-8.94,1.22,-2.18,-1.62,-1.03,-7.74,-4.98,-3.34,-3.05,-1.7,-3.17,-.14,3.51,-3.4,-3.39,-1.53,-5.93,2.44,-2.37,-4.36,-4.71,3.89,-4.66,.68,2.13,4.81,4.04,-.62,-2.13,-1.76,-6.18,-6.78,-6.41,-4.78,-3.83,.59,-.24,.3,-1.05,6.19,2.96,2.11,2.31,-.4
198410,-.84,-1.23,.45,1,-1.83,1.33,3.19,4.72,3.17,-2.2,-1.84,-.43,1.46,-1.43,-.32,-1.39,2.9,-1.3,.23,1.7,.96,-.15,-1.83,-.4,-3.17,.76,2.11,5.9,5.77,8.04,-7.96,-8.05,-7.6,-4.47,3.31,-3.52,.08,-1.36,.87,-5.99,-1.24,-2.58,2.74,3.17,2.5,.68,-1.22,.36,.96,2.7,2.19,.69,-1.72
198411,-1.76,-.65,4.06,.73,4.75,.53,-3.08,-.11,1.71,-6.82,-.16,.95,-.8,-.55,-5.54,2.72,.6,-.6,-1.52,.24,.38,-1.03,-1.1,-4.58,-1.93,-4.29,-2.79,-7.01,2.04,.06,-3.95,2.15,4.48,-1.05,3.03,.47,-8.25,-3.11,-2.68,-4.23,-4.87,-6.08,-.31,-1.56,-1.78,-1.92,-2.76,-4.18,.18,.65,-3.34,.27,-3.71
198412,1.84,-.56,-.26,.64,8.52,2.9,.74,1.55,1.66,3.34,-.12,4.4,2.83,.2,2.12,.71,3.56,.6,-.03,2.68,2.26,-2.49,2.33,-2.64,1.31,4.52,4.5,4.11,5.21,7.41,-13.38,-3.95,-5.29,-.52,2.63,5.32,3.31,4.06,2.62,4.74,1.18,3.05,3.37,1.18,3.91,3.37,-.12,2.45,5.74,5.54,1.32,3.63,2.14
198501,7.99,3.31,-5.35,.65,2.9,1.76,-2.24,5.26,2.35,10.64,16.33,12.22,7.5,12.54,16.9,10.49,5.78,7.09,12.06,8.49,10.91,17.78,10.53,10.55,11.74,13.43,8.88,10.04,10.43,4.14,10.51,13.45,7.85,6.5,2.4,5.25,14,13.08,11.44,22.31,12.37,12.91,6.01,7.75,9.81,15.65,12.73,11.03,9.62,9.98,11.13,8.11,14.12
198502,1.22,.79,-.1,.58,5.86,5.73,7.13,1.43,9.83,-.96,5.77,1.36,.69,1.78,3.94,4.28,3.35,2.24,.59,3.29,.13,-.71,-.38,-.38,.22,-1.09,-2.35,6.78,2.18,4.21,-5.64,-1.1,-.88,3.85,1.39,3.37,-.55,3.44,-1.67,4.53,-2.02,-1.39,.65,.05,2.7,.19,2.33,4.08,.33,4.77,-.34,1.83,3.64
198503,-.84,-1.08,4.07,.62,.89,5.63,11.72,4.28,3.14,-2.18,2.92,5.09,-3.02,.57,-.61,2.26,4.08,-2.19,-2.78,-3.72,-5.14,-2.96,-3.34,-.73,-4.46,-5.34,-4.91,-3.86,-5.33,-6.12,21.2,1.78,-3.28,1.6,6.12,4.46,-3.68,-2.31,-6.79,-6.85,-2.9,-7.58,-3.2,-.46,-3.15,-.74,-.68,1.28,.86,-.78,-2.88,.25,.45
198504,-.96,.14,3.72,.72,5.54,-2.24,-1.8,1.47,-8.18,-5.02,1.97,.26,-1.06,.3,-4.31,-1.88,-1.05,.79,-2.12,-2.82,-2.34,-.43,-4.84,-2.48,-3.34,-2.42,-4.27,-2.17,-9,-3.33,-6.29,-.56,-1.75,3.91,1.62,-.71,-.33,-.99,-2.71,-6.02,-4.79,-4.89,1.32,-2.41,-3.38,-.44,.35,.64,3.25,3.47,-.39,1.99,-.39
198505,5.09,-2.22,-.96,.66,3.78,15.28,3.12,8.45,.01,7.8,4.91,7.02,4.66,9.65,9.72,6.27,10.36,7.79,6.82,3.61,7.29,3.22,1.62,-2.07,3.65,7.04,7.48,9.41,5.81,11,1.62,-1.49,5.67,.61,5.5,8.35,9.53,5.17,3.22,-.28,2.31,3.07,5.81,1.32,11.34,5.19,11.39,6.59,6.02,7.29,4.79,5.93,6.04
198506,1.27,.52,.38,.55,-1.45,3.25,3.95,3.68,2.79,1.99,10.24,1.98,2.59,.99,7.15,2.72,1.12,1.34,2.01,3.57,1.88,1.03,-.67,-1.26,.22,1.54,.71,.81,3.11,1.53,.73,-3.73,-4.58,-.76,3.62,4.5,6.34,1.14,-2.93,1.75,2.4,2.85,2.36,3.6,3.53,2.79,1.35,.35,4.2,2.4,-.21,2.81,3.69
198507,-.74,2.84,-1.62,.62,3.9,-4.58,.46,1.18,-5.22,.96,-1.52,-3.5,2.53,1.88,-3.23,2.35,-.38,4.14,3.01,3.78,2.96,2.98,7.73,3.53,4.07,4.26,1.05,3.64,2.85,4.3,13.3,8.49,3.66,-.35,-4.7,-4.56,1.51,1.26,5.2,2.26,2.49,6.23,4.46,2.83,3.76,.26,-5.66,-.42,-2.02,-1.22,1.68,-1.15,3.09
198508,-1.02,-.3,2.32,.55,-1.94,3.79,.64,2.25,-2.26,-.04,5.39,-1.82,-2.31,2.57,-6.67,1.35,.26,-1.18,-.79,.83,-2.15,-3.64,-1.87,-5.15,-2.46,.46,-1.53,-.44,1.76,-3.04,1.29,-2.12,1.69,1.41,1.92,.53,-1.22,-.14,-2.19,-7.97,-1.65,-5.64,-1.79,-.98,-1.4,-.95,-.32,-1.96,-.5,-1.12,-2.12,-.03,1
198509,-4.54,-1.59,1.29,.6,-8.51,7.46,-.19,-.75,-5.94,-5.27,-1.96,-5.51,-3.07,-3.05,-11.61,-3.79,-1.94,-3.44,-2.27,-.78,-3.75,-7.2,-4.46,-.85,-4.59,-3.3,-2.39,-7.73,-9.58,-5.44,-9.83,-10.2,.41,-1.36,-5.31,-4.17,-7.64,-6.1,-3.16,-7.3,-6.36,-8.28,-4.35,-3.06,-6.58,-4.33,-4.19,-3.9,-6.22,-4.47,-2.79,-3.79,-8.21
198510,4.02,-1.51,.75,.65,3.09,4.03,3.97,5.64,-1.39,-4.1,8.42,3.08,4.53,7.03,-5.26,5.54,4.58,5.02,.73,8.17,3.51,-1.31,-4.32,.91,1.94,4.74,1.7,.81,-6.97,.7,-1.9,-2.62,2.08,6.3,6.31,4.04,4.7,5.46,4.27,1.63,1.81,-2.77,1.87,4.59,2.13,3.83,8.27,2.59,10.18,8.63,3.33,6.41,4.32
198511,6.48,.25,-2.85,.61,4.54,9.34,13.4,2.43,10.03,10.52,4.52,6.97,11.6,8.28,3.67,8.81,11.36,5.8,7.4,4.07,9.17,9.06,5.98,2.13,7.98,7.33,8.21,5.95,7.98,8.09,3.35,7.13,2.34,.52,4.24,7.39,8.62,7.78,8.59,12.33,7.39,11.95,8.16,9.29,6.54,8.6,7.43,9.3,7.07,9.26,4.34,7.22,6.93
198512,3.88,-.51,-1.54,.65,9.22,2.02,3.03,12.08,9.83,5.91,4.11,7.1,6.01,2.15,6.13,5.05,2.59,6.61,5.39,7.61,5.2,3.51,2.74,1.62,3.93,3.06,5.54,3.33,1.04,5.4,-4.89,-2.16,-2.99,-3.1,4.85,6.19,3.9,5.28,9.6,9.08,7.21,4.5,5.18,4.48,1.54,6.18,4.15,3.95,7.1,2.41,2.71,5.25,6.77
198601,.65,1.21,.44,.56,7.93,2.4,-1.19,-.86,5.55,2.14,3.92,-.78,-.95,5.22,-4.08,3.35,1.7,1.85,6.47,3.1,1.82,2.15,2.69,1.67,2.02,.28,4.85,-.63,3.08,-.92,10.03,-.42,-2.52,-6.87,3.78,-3.95,2.18,1.32,-1.11,-1.56,.85,3.79,4.91,1.77,5.6,2.71,1.65,.92,2.81,6.58,2.46,2.51,3.92
198602,7.13,-.54,-.72,.53,13.99,7.9,11.68,7.71,12.2,10.72,8.29,14.65,10.74,9.33,4.05,-.93,8.22,12.04,8.83,10.24,12.36,13.87,5.31,8.12,8.41,8.74,10.92,10.99,8.55,5.31,-9.7,-1.8,-2.68,.78,6.56,7.39,7.89,7.93,2.71,5.4,8.33,9.98,9,10.6,7.03,8.88,7.19,9.68,11.03,7.49,8.27,8.15,11.31
198603,4.88,-.59,-.39,.6,2.74,7.84,11.07,9.17,11.52,5.65,6.87,5.07,5.57,6.17,7.05,12.15,13,5.46,6.06,8.12,10.17,14.44,3.86,5.96,4.75,3.9,10.78,6.01,7.39,2.36,-7.5,6.37,12.22,.05,3.95,3.82,5.39,6.5,-.11,-2.31,.05,-1.17,4.28,5.74,3.22,7.22,9.09,6.54,7.24,5.31,10.14,5.49,6.55
198604,-1.31,2.78,-2.87,.52,5.24,-.59,4.53,-2.92,3.64,3.91,8.34,-1.15,-1.66,-2.78,-1.34,7.97,-.47,1.38,2.3,-1.75,-2.84,-.63,-5.38,-.73,-.88,-.81,-7.74,-4.47,-6.32,3.1,-9.68,-2.86,-4.98,.76,-3.9,2.44,2.82,1.86,3.87,11.11,3.54,2.7,-2.67,-.86,-2.64,1.63,-.7,4.32,-.54,-6.19,-1.63,-3.27,-4.72
198605,4.62,-1.35,-.21,.49,1.08,8.56,7.94,6.37,10.16,3.16,5.91,10.96,4.61,9.78,3.02,4.38,8.74,5.98,10.24,4,3.85,5.6,1.6,1.39,.84,1.63,3.34,2.18,1.44,5.7,1.04,4.35,1.68,7.4,3.63,4.81,-1.19,5.84,1.01,3.04,-.76,2.51,5.99,5.32,.7,5.52,11.92,5.68,4.21,5.73,-3.24,5.19,6.35
198606,1.03,-.96,1.28,.52,8.75,7.03,5.89,8.81,9.45,-6.5,7.94,2.77,1.74,4.34,-3.39,4.26,7.56,.17,-2.83,5.03,-.59,-2.36,-3.4,1.37,-3.94,-4,-.36,1.56,-1.8,-2.21,-7.06,-3.77,-3.68,-2.27,5.07,5.42,2.76,.81,-4.47,-5.04,-1.44,-8.32,-.46,3.36,-2.04,.92,4.73,1.94,2.49,-.5,.63,2.89,2.22
198607,-6.45,-3.36,4.7,.52,-12.81,-3.71,-7.02,-2.99,-2.7,-7.04,-15.12,-7.81,-7.84,-8.77,-7.46,-7.34,-4.55,-6.21,-8.59,-7.52,-7.45,-11.21,-15.62,-9.06,-9.06,-7.31,-8.35,-8.68,-8.96,-11.66,7.11,-9.31,-3.96,-5.18,5.13,-3.02,-8.75,-10.57,-7.62,-11.93,-8.6,-6.78,-5.85,-2.41,-9.75,-9.54,-9.37,-11.24,-6.39,-4.13,-6.72,-5.55,-5.19
198608,6.07,-4.17,3.51,.46,1.86,3.5,1.3,-1.43,4.47,8.08,-1.86,2.49,4.34,2.99,3.07,7.13,3.51,5.99,2.15,1.21,9.15,5.47,8.72,1.17,6.91,8,7.53,5.25,4.24,10.62,15.99,16.01,9.3,16.66,7.91,6.87,8.19,4.68,6.63,5.49,6.5,11.98,9.83,5.75,6.43,2.36,1.47,1.18,6.95,8.33,1.41,6.92,9.88
198609,-8.6,2.36,3.22,.45,-8.37,-11.85,-13.43,-8.1,-11.19,-9.74,-9.78,-10.24,-9.46,-9.74,-7.03,-10.48,-13.83,-5.31,-11.83,-6.45,-6.14,-4.07,2.05,.96,-6.69,-7.39,-6.98,-7.98,-5.14,-4.98,8.08,2.14,-4.63,-.87,-9.09,-9.29,-4.26,-9.92,-5.65,-8.06,-8.18,-12.1,-5.78,-8.76,2.41,-8.61,-8.41,-8.12,-9.8,-11.35,-7.69,-10.11,-10.99
198610,4.66,-2.5,-1.42,.46,-2.38,12.83,7.83,7.55,10.78,.83,9.98,6.17,8.15,8.15,4.35,7.15,8.7,8.52,9.44,5.46,6.71,-.65,2.95,-2.72,3.34,4.39,8.95,1.57,1.86,-2.46,-.68,-.53,-1.19,1.96,5.24,4.66,7.42,5.83,-2.99,14.29,5.03,5.11,6.88,5.95,6.34,6.06,7.96,6.72,2.59,1.31,5.35,4.72,13.81
198611,1.17,-1.91,-.07,.39,.39,.55,.45,.8,-.09,.31,-4.72,.39,6.22,.69,-4.68,-1.49,2.9,3.91,.83,8.87,3.52,-1.95,-5.57,2.26,3.02,2.91,1.92,2.82,1.85,4.8,4.16,.79,2.28,3.27,.55,3.94,1.75,1.95,3.86,4.59,2.25,6.25,1.74,3.57,-.29,1.18,2.02,.77,-.85,-1.85,-4.05,-.38,2.33
198612,-3.27,.13,.36,.49,-3.51,-4.15,-.05,-2.29,-2.43,-7.7,-3.43,-3.05,1.02,-7.14,-9.57,-2.85,.28,-3.77,-1.57,.79,-1.69,-2.69,-3.12,-5.23,.95,-5.86,-4.62,-3.21,-7.26,-14.02,-3.7,-.25,-4.59,-.44,-3.3,-3.72,-1.83,-.96,-4.33,-2.61,-2.78,-2.26,-1.98,2.22,-5.07,-3.48,-7.14,-4.28,-1.17,-1.54,-1.52,-3.1,-3.11
198701,12.47,-1.81,-3.16,.42,8.23,11.6,15.07,22.02,21.37,20.09,19.29,14.51,14.2,11.7,7.11,13.65,13.82,15.17,15.02,7.77,17.74,11.41,13.64,10.12,14.34,16.77,19.33,3.57,9.69,11.57,10.9,17.54,6.69,14.19,9.3,5.31,24.48,14.26,15.72,27.53,15.65,17.27,24.61,14.43,6.87,11.74,10.34,11.19,9.35,9.22,10,11.42,20.36
198702,4.39,3.49,-5.91,.43,7.65,4.22,4.6,3.35,-2.84,9.18,9.19,10.7,3.9,13.44,9.01,12.7,11.21,5.64,5.07,6.64,4.24,7.92,7.85,9.98,6.88,4.93,3.37,7.1,5.79,5.5,19.18,10.68,-.25,-1.67,-2.14,.04,2.01,5.93,10.02,11.11,8.61,8.78,.69,2.36,4.94,5.38,11.66,9.92,5.39,7.78,5.97,1.76,4.02
198703,1.64,.45,1.61,.47,2.48,2.21,2.39,.86,.75,4.83,.87,-.82,2.06,1.15,6.84,.1,-.61,5.35,1.29,1.92,4.28,5.88,7.1,4.02,1.9,.4,6.91,-1.86,-7.14,4.67,26.8,11.82,-.55,12.47,-1.67,1.43,-7.23,1.17,4.01,5.83,-.72,1.81,6.17,.82,-1.92,1.59,1.94,4.13,-1.5,-5.61,1.66,.22,4.29
198704,-2.11,-1.69,-.39,.44,-2.12,-5.39,-6.81,4.21,-2.93,5.75,1.27,-3.04,-2.39,-4.59,-6.23,-2.77,-1.9,1.49,-2.65,6.21,-3.08,-7.41,3.48,-9.15,.21,-.64,8.19,-10.65,-9.57,2.08,4.28,3.76,-1.38,.29,-4.32,-2.42,-4.53,-3.41,6.47,5.49,1.08,.54,-3.18,-3.13,-1.53,-4.14,-2.45,-1.24,-4.06,-6.63,-4.81,-4.56,-4.32
198705,.11,-.5,.23,.38,-.71,3.87,3.21,-4.5,1.22,-3.33,1.34,4.45,1.34,-1.34,3.44,-.41,1.32,.4,2.93,8.98,-2.8,-1.49,3.93,-1.1,3.89,-.05,-2.44,.58,-.08,-.14,-6.8,-1.31,4.88,2.94,-1.85,3.33,-4.16,1.63,-.58,5.43,-2.39,9.25,-5.56,-.73,6.71,-.77,.56,-.06,-1.26,-1.79,-2.19,-.05,10.56
198706,3.94,-2.12,1.04,.48,4.48,7.67,4.83,2.1,5.76,-.73,8.59,8.36,5.24,9.53,6.14,5.48,4.47,4.78,2.3,.88,6.34,2.27,3.42,-.43,3.18,4.2,2.33,5.36,4.12,3.14,-4.85,.46,1.98,6.08,3.39,7.04,7.39,4.79,.26,-7.06,2.39,-3.55,4.9,9.01,5.63,3.68,7.5,2.12,5.92,5.66,4.24,4.35,-2.11
198707,3.85,-.69,.68,.46,-3.37,1.9,6.22,8.43,9.28,4.35,6.83,8.99,5.04,4.9,4.82,1.98,6.67,5.86,5.32,4.75,7.66,4.05,19.09,4.76,12.2,4.73,6.61,11.49,5.23,4.61,22.57,15.24,5.28,3.16,-1.68,6.01,2.19,2.99,-.04,-2.75,5.59,1.9,4.57,4.33,4.18,4.53,6.71,2.71,-.04,1.09,3.92,3.19,9.73
198708,3.52,-.77,-.93,.47,2.37,2.45,4.92,2.08,18.63,8.83,3.94,-.48,5.49,1.01,-3.43,5.22,2.37,2.39,4.55,-1.99,2.71,-.54,-4.17,6.03,1.12,4.7,4.46,1.08,.88,2.64,.95,-6.28,5.93,1.88,3.71,5.11,5.86,3.69,7.65,11.81,5.74,6.8,6.64,6.86,0,2.43,3.37,2.52,4.68,8.83,3.1,5.01,2.01
198709,-2.59,.54,.27,.45,.05,-3.6,-1.5,.68,.32,-1.9,-2.17,-2.85,-1.04,-8.12,-2.73,-4.5,-2.13,-.52,-1.13,-1.48,-.65,-2.49,3.65,-1.16,4.09,2.23,-6.8,-2.45,-.67,-2.75,5.39,4.6,-5.85,-3.82,-2.31,2.99,-4.11,.98,-6.34,3.64,1.91,3.17,.46,1.38,-1.85,-3.48,-7.1,-4.74,-4.69,-2.16,.08,-1.26,-4.14
198710,-23.24,-8.43,4.24,.6,-29.04,-17.86,-16.05,-18.07,-21.79,-34.41,-31.88,-22.56,-21.65,-30.85,-31.31,-20.42,-19.11,-28,-30.55,-32.51,-27.82,-31.52,-30.51,-26.33,-31.31,-32.2,-28.33,-30.23,-32.27,-27.52,-30.9,-32.89,-30.21,-18.28,-6.93,-12.39,-28.25,-27.65,-23.78,-27.19,-27.81,-30.15,-26.48,-28.22,-27.92,-28.76,-29.12,-23.6,-22.28,-16.82,-22.85,-22.83,-26.34
198711,-7.77,2.72,2.95,.35,-2.65,-8.19,-7.94,-4.84,-8.25,-11.35,-6.28,-7.98,-10.28,-12.34,-6.15,-6.9,-10.08,-5.65,-5.69,-5.36,-4.16,-9.88,2.32,1.09,-1.38,-6.74,-5.72,-9.33,-6.75,-1.44,19.95,-1.24,-2.42,-10.63,-2.52,-8.94,-11.19,-7.63,-9.57,-11.49,-10.72,-9.17,-3.39,-2.86,-8.36,-4.52,-9.28,-6.93,-7.89,-8.46,-8.63,-6.01,-9.2
198712,6.81,.13,-4.43,.39,6.67,7.51,5.24,12.67,4.34,16.91,11.58,8.55,7.14,7.8,4.84,6.42,5.19,14.45,14.68,14.09,8.87,6.75,10.42,7.14,11.64,13.56,9.61,5.37,13.31,3.77,-.9,9.62,10.76,6.75,.57,4.27,17.76,12.58,8.59,22.4,13.72,20.85,10.72,11.2,7.2,10.45,7.94,8.29,5.18,2.73,2.87,3.38,13.98
198801,4.21,-.72,5.01,.29,3.33,4.06,2.05,-.26,2.97,-6.27,2.07,1.89,1.05,8.19,2.95,5.53,6.89,-2.26,2.4,.91,3.47,6.05,-2.97,.29,2.6,-.18,6.94,14.63,7.46,11.84,-17.67,-3.22,.22,8.53,9.77,9.77,2.99,.28,-2.94,-6.27,-1.11,-1.28,-2.06,-4.05,4.18,3.38,7.01,4.46,11.45,8.36,3.69,8.28,-.57
198802,4.75,3.34,-1.71,.46,1.38,5.42,1.64,5.47,6.14,10.23,10.37,6.57,2.93,11.73,2.65,6.9,3.85,8.12,6.98,23.11,11.88,14.64,9.56,4.51,10.57,7.68,7.54,5.08,4.05,3.01,8.68,7.86,9.09,3.55,-1.42,1.32,6.38,6.84,6.82,7.16,7.84,9.66,11.32,3.67,8.71,8.37,11.89,5.91,3.35,.54,5.24,4.17,2.63
198803,-2.27,6.15,.73,.44,4.79,-.97,.01,.58,-3.43,-1.73,-3.95,-4.67,-6.11,-.43,9.86,-2.1,-3.95,-2,2.48,9.06,1.56,-.34,-3.64,6.67,4.39,-4.05,.93,-.51,3.39,-2.08,3.11,12.29,5.18,2.59,-3.18,-3.83,-1.88,-.38,-7.76,-1.67,-1.43,.45,-4.5,-.95,3.77,2.38,-1.31,-1.7,-3.88,-3.12,1.94,-1.98,-1.34
198804,.56,1,1.67,.46,-4.76,.98,-.09,-2.3,-.06,4.11,2.11,-.64,.22,-.15,.49,-3.26,-2.05,1.79,1.89,.06,1.66,.2,5.86,5.48,2.41,1.36,3.42,1.48,5.05,3.3,-1.2,2.53,6.6,4.63,-.29,.68,-3.72,-.58,3.91,.35,2.11,.09,1.02,1.31,-1.67,.77,2.27,.35,.4,-1.54,5.68,-.59,-2.12
198805,-.29,-2.6,2.42,.51,-1.02,.58,.5,-2.3,-3.84,.54,-1.5,.78,1.85,-2.21,.61,1.25,-.67,-1.97,-.93,2.21,-1.44,-.87,-.46,-3.87,-.42,-1.07,1.36,2.53,-.51,-1.19,6.11,-1.97,-.38,-.42,3.59,2.17,-4.68,-2.07,-.72,-.85,-.93,-5.28,-1.88,1.82,-1.59,-1.84,-1.46,-.57,3.06,2.08,.63,1.55,-2.42
198806,4.79,2.11,-1.24,.49,12.91,-.62,4.04,8.85,1.96,11.64,6.55,5.71,4.16,7.48,5.5,3.82,2.09,9.55,7,4.45,8.72,13.28,6.41,6.21,5.86,8.7,8.2,5.55,-.84,4.79,-.01,2.42,.32,-2.13,3.22,3.01,7.31,6.18,11.17,12.03,7.49,2.27,14.47,8.03,11.17,7.37,6.93,5.64,7.54,3.23,4.22,5.9,7.3
198807,-1.25,-.25,2.22,.51,-3.12,3.37,-3.61,-2.93,6.56,-2.39,.18,-.08,.5,.44,-4.32,-.16,1.14,-3.98,-1.21,.55,-3.52,-.63,1.45,-.28,-3.23,-3.82,-.53,.21,-5.06,-2.74,-.28,-1.57,-3.41,3.72,-.26,.01,-4.42,-1.37,-5.04,-7.86,-4.44,-6.1,-3.18,.14,-2.38,-1.91,-.41,-2.15,.19,.42,.02,.15,-3.05
198808,-3.31,.04,2.15,.59,-.15,.86,-5.7,1.32,-.15,-6.22,-3.11,-3.08,-3.01,3.07,-4.24,1.01,-.93,-4.03,-6.49,-3.05,-3.9,-4.22,-4.88,3.61,-5.98,-6.26,-6.5,-3.28,-6.33,-6.86,-5.63,-1.03,-5.29,-1.46,-.13,-3.07,-3.85,-3.7,-9.12,-8.32,-7.17,-4.13,-4.04,-1.86,-2.85,-2.92,-2.58,-2.95,-1.46,2.07,-3.56,-.36,2.43
198809,3.3,-1.31,-.75,.62,2.67,5.56,1.61,10.1,8.26,4.97,2.51,6.91,4.84,.09,9.88,.13,3.74,2.03,5.37,3.56,-.29,1.37,.84,5.99,1.39,6.5,3.8,6.07,-3.75,4.18,-5.77,3.19,3.62,-2.55,2.72,7.36,1.16,4.65,3.03,5.36,2.25,.28,3.43,2.63,7.13,4.51,8.88,9.81,3.96,5.12,2.57,2.2,11.4
198810,1.15,-2.93,2.05,.61,.83,19.61,3.23,.4,.39,.09,2.41,1.46,2.64,.92,1.89,-2.55,1.59,.93,-1.26,1.3,.07,-1.27,4.27,2.89,-.11,-1.02,4.41,1.57,-.45,2.6,-1.34,2.13,2.05,1.89,2.53,2.79,.94,.51,1.39,-5.26,-1.59,-1.83,-1.57,6.37,1.03,.46,2.21,-.65,-.61,.14,.79,.08,-4.11
198811,-2.29,-1.72,1.41,.57,-.76,-.55,.35,-.05,1.76,-3.75,-4.5,-3.81,-4.51,-5.16,-5.34,-4.81,-1.55,-2.64,-3.11,-5.85,-3.24,1.24,-1.77,-2.65,-.3,1.37,-.09,-3.05,-7.09,-4.75,3.97,-4.32,-5.97,-.23,-.46,.33,-4.08,-3.23,-3.04,-.75,-4.19,-3.34,-2.35,1.74,.97,-3.96,-2.67,-1.84,-2.69,-3.08,-1.98,-1.83,-2.49
198812,1.49,1.95,-1.69,.63,6.38,2.62,9.92,.56,8.41,5.02,5.24,3.09,3.08,5.6,2.88,3.39,1.55,4.91,5.01,7.78,3.32,5.29,4.02,-.09,3.1,1.79,-.48,-.3,3.31,-1.49,-4.54,5.27,1.87,1.85,1.01,1.62,3.27,1.99,4.69,7.81,4.73,4.41,3.43,3.56,2.96,3.4,.95,3.18,-.86,.62,1.1,.15,2.77
198901,6.1,-2.23,.6,.55,3.15,5.33,6.43,5.21,5.13,10,8.86,7.23,5.94,2.88,8.25,5,6.84,10.35,4.09,9.29,6.35,4.87,11.91,4.71,4.51,7.63,8.39,5.93,6.11,5.9,-.61,5.95,16.37,6.12,2.76,8.95,5.58,6.07,7.51,9.37,6.32,2.43,6.91,3.01,9.53,5.9,6.41,5.27,6.62,6.76,4.26,7.09,5.49
198902,-2.25,2.82,1.01,.61,-.56,-2.33,-3.64,.06,-.7,4.25,.45,-2.99,-1.3,1.06,4.37,-2.09,-1.59,-2.16,1.25,6.1,1.95,-2.8,-3.58,1.54,-1.68,-4.68,-4.53,-.86,4.49,4.67,10.22,-2.05,-.82,-1.28,-1.82,-1.22,-2.5,-2.18,-4.57,-2.27,-2.92,-.66,-2.84,-4.33,-.19,-2.34,-1.75,-1.85,-.6,.06,-.42,-.52,-3.04
198903,1.57,.67,.58,.67,3.43,4.32,3.47,7.78,10.21,7.34,7.71,3.28,.76,4.05,7.04,2.88,5,2.46,2.29,5,1.47,1.92,-1.93,2.71,1.87,-1.02,-2.59,3.91,.31,.17,-4.65,1.06,3.3,3.94,.56,5.57,.96,-.28,-8.1,-3.81,-1.25,.88,.44,2.81,-1.39,1.78,3.17,3.06,5.63,4.96,.97,2.86,3.28
198904,4.33,-.68,-1.42,.67,4.81,5.44,.97,6.92,4.98,4.89,8.29,7.61,5.96,.75,7.34,6.85,5.1,4.9,5.6,5.05,6.55,4.67,3.43,7.41,4.5,8.01,-.47,4.42,7.64,.14,-5.9,4.74,7.76,2.46,3.91,9.62,1.46,6.86,4.21,8.8,5.89,7.24,5.72,.49,6.17,4.66,5.81,7.3,3.81,4.7,.01,2.87,6.97
198905,3.35,-.05,-.88,.79,2.64,4.99,4.85,8.89,7.48,7.63,5.73,2.01,2.43,4.1,2.7,5.88,3.2,.87,2.41,2.74,3.16,5.42,1.16,5.44,5.26,11.32,1.42,2.42,3.02,3.17,-7.68,-.51,-.53,2.71,5.35,5.79,4.69,5.36,.67,5.6,5.5,3.66,2.44,7.05,2.5,3.31,5.55,10.36,6.4,2.49,2.68,2.38,8.04
198906,-1.35,-1.02,2.25,.71,-1.87,2.62,-5.01,-1.45,.26,7.79,3.4,5.75,1.73,-.56,.9,-4.38,-2.83,-2.7,-1.57,-1.1,-2.07,3.46,-3.8,-1.43,-3.39,-4.5,.61,-4.53,-5.29,-1.84,9.34,-2.87,-.43,-1,3.41,-.03,-1.65,.24,-2.3,-7.17,-4.23,-4.05,-4.26,-3.31,-.26,-2.01,-2.3,1.54,.06,2.19,.01,.4,-1.21
198907,7.2,-4.14,-2.79,.7,17.04,12.87,3.56,16.66,14.32,9.94,8.27,6.22,7.36,9.43,10.49,8.96,14.86,6.6,8.27,7.45,10.6,8.13,6.6,3.69,7.05,11.36,4.27,7.37,-1.33,5.07,-2.24,1.86,2.55,3.8,5.8,8.55,5.48,5.53,2.27,.62,4.71,6.28,7.39,10.77,7.77,5.75,10.46,8.29,7.78,9.29,-1.05,7.26,13.12
198908,1.44,.56,.6,.74,-4.69,-4.48,-6.16,-4.17,2.6,-.91,3.08,-1.17,2.78,5.51,2.26,2.87,-.1,7.29,2.93,2.8,2.21,4.61,7.99,1.87,3.54,-.31,8.01,3.16,-.68,4.46,6.23,8.99,8.45,3.48,-.8,1.03,.99,1.89,2.8,4.03,1.22,1.07,5.91,5.73,12.96,1.7,3.69,-.63,1.36,2.1,.97,2.9,1.74
198909,-.76,.32,-1.27,.65,-.57,-.89,3.19,1.49,.83,.2,2.79,-2.62,-3.65,4.96,-.6,.98,2.87,-3.41,-1.4,-3.07,-1.74,-2.34,-2.54,-3.13,-2.32,-1.47,-5.68,-.84,.1,-1.64,6.12,-1.24,.68,1.37,.48,3.82,-2.69,.45,-5.69,3.46,1.78,-3.28,-3.8,-5.31,-4.18,-2.09,-2.77,-.32,2.87,2.59,-.71,-.2,8.02
198910,-3.67,-3.23,-1.11,.68,-9.87,-2.68,-8.67,1.69,1.97,-3.14,-1.93,-7.83,-1.41,-5.48,.31,-2.51,.79,-5.85,-6.17,-6.19,-7.72,-8.21,-9.16,-4.97,-5.74,-2.73,-6.58,-4.69,-13.58,-1.94,3.16,-6.84,-5.24,.81,1,-2.06,-9.25,-5.11,-5.14,-1.49,-3.38,-8.32,-2.71,-2.7,-9.76,-4.82,-4.39,-2.79,-8.55,1.57,-8.24,-4.02,-3.62
198911,1.03,-1.24,-1.09,.69,4.27,3.69,-.75,3.78,-.28,-.73,2.4,-1.07,1.07,-2.14,2.06,5.65,4.63,2.51,.83,1.32,2.38,5.56,2.38,-3.78,5.81,9.42,-1.91,-.25,-8.07,-11.38,14.71,3.1,6.36,3.97,3.23,1.99,2.29,-4.27,-2.21,2.06,-3.31,-.61,3.06,3.62,.42,.49,1.01,1.78,-2.84,2.62,-2.67,-1.37,-.84
198912,1.16,-2.36,.16,.61,1.3,3.61,1.48,1.58,-.48,-.79,-8.73,-.2,2.41,-2.3,5.94,1.51,.53,4.21,4.08,.65,-.63,2.74,.64,2.77,2.27,3.78,-2.38,-.04,-3.83,8.8,1.11,2.96,3.38,6.01,4.79,5.71,-.35,2.95,-2.96,1.78,1.4,3.36,3.46,5.26,3.21,2.81,.58,-.81,-2.77,-2.14,1.36,-2.52,4.51
199001,-7.85,-1.24,.85,.57,-11.45,-10.13,-10.63,-9.03,-8.65,-11.38,-10.74,-9.26,-7.71,-9.16,-15.98,-9.53,-6.24,-7.59,-9.74,-10.11,-7.94,-.99,-8.78,-1.22,-3.54,-3.72,-3.4,-4.02,-14,-3.56,7.91,-3.94,-3.03,-4.31,-5.35,-13.39,-10.73,-6.98,1.05,-3.61,-3.06,-8.55,-7.82,-4.96,-7.32,-7.62,-5.65,-12.17,-9.73,-10.59,-8.5,-8.26,-9.88
199002,1.11,.99,.64,.57,9.4,-.8,-.89,.51,-2.56,.63,1.79,.28,.17,2.68,-1.51,1.67,-2.59,2.64,4.7,2.04,2.31,6.2,3.24,3.71,5.49,1.47,6.09,4.52,-8.25,-2.78,-2.12,4.91,7.21,3.08,.21,-.35,3.32,2.02,4.29,6.25,2.95,.61,1.59,4.4,5.86,2.15,2.22,-.08,3.94,1.39,.83,.9,2.1
199003,1.83,1.5,-2.92,.64,2.69,5.29,9.89,6.21,6.81,6.75,1.09,-.86,4.17,8.2,6.35,3.23,3.72,1.44,6.68,2.12,5.04,1.22,6.28,3.72,3.97,3.95,3.57,8.27,14.16,3.38,-9.62,4.52,5.57,-.6,-.75,4.18,5.1,3.26,3.68,7.76,4.55,5.61,2.12,4.12,3.33,3.07,6.03,-.4,-2.97,.11,2.44,-2.12,4.46
199004,-3.36,-.46,-2.59,.69,-2.04,.02,-4.74,2.32,4.77,-5.9,1.14,-7.23,-1.89,-.92,-2.07,-2.68,.88,-3.45,-4.7,-2.63,-2.37,-5.47,-7.05,-1.54,-2.77,-.43,-4.5,-5.61,2.32,.23,-11.79,-1.8,-9.08,-3.51,-5.51,-3.46,-.34,-2.69,-.01,-4.21,-5.03,-3.56,-3.17,1.5,-4.17,-2.18,-1.72,-5.35,-4.38,-4.48,-4.08,-3.41,3.85
199005,8.42,-2.53,-3.83,.68,1.44,9.22,8.36,15.91,1.12,12.39,13.21,10.07,9.78,8.23,14.91,13.86,12.45,7.34,8.42,3.92,8.62,11.97,7.31,10,5.92,9.98,8.04,10.73,1.5,9.54,9.77,3.42,13.16,5.99,5.43,9.38,11.1,6.75,11.56,18.64,13.46,9.71,6.01,4.83,4.88,9.08,11.97,13.26,10.58,10.48,.21,4.38,11.6
199006,-1.09,1.4,-1.93,.63,-6.15,2.7,.14,1.01,9.12,-4.23,-3.66,-2.08,1.92,-1.9,5.54,4.39,4.34,-2.22,1.2,-4.82,-2.91,-3.01,-1.45,5.12,-2.65,.19,-2.92,.34,4.31,-2.17,-7.03,-3,-6.66,-2.01,.75,-4.71,4.21,1.79,-1.99,4.24,-3.15,3.24,.43,-4.99,-1.15,.43,1.59,1.13,-3.65,-.58,-2.6,-.59,2.67
199007,-1.9,-3.12,-.03,.68,6.59,.38,1.4,.02,5.64,-8.96,-7.76,-5.48,-1.83,-3.73,-.1,-.07,3.15,.89,-1.14,-1.32,2.07,3.31,5.64,-3.26,-1.78,1.59,-2.68,-2.9,-4.12,-6.93,12.17,7.14,.53,8.37,.89,-4.58,-4.2,-2.82,-6.84,-16.31,-5.52,-4.23,1.56,-.83,-2.29,-3.91,-3.68,-7.28,-7.5,-1.21,-6.23,-5.4,-1.53
199008,-10.15,-3.57,1.64,.66,-9.4,-6.99,-10.44,-4.91,-3.09,-14.78,-15.34,-9.34,-9.05,-17.16,-7.82,-7.22,-6.67,-12.9,-13.5,-14.18,-13.05,-13.16,-10.22,-12.26,-13.6,-13.52,-14.67,-13.37,-9.76,-9.09,-5.86,-8.48,-10.87,-1.2,-6.64,-10.74,-11.25,-8.52,-12.05,-12.55,-12.8,-11.3,-11.2,-8.89,-13.15,-9.88,-12.81,-13.09,-11.54,-10.51,-12.48,-10.91,-10.84
199009,-6.12,-3.65,.64,.6,-13.3,-1.08,-10.29,-6.63,.93,-8.56,-3.58,-6.4,-7.44,-12.22,-5.98,-2.38,-4.45,-6.66,-6.2,-17.14,-10.32,-6.81,-6.14,-16.88,-9.37,-10.4,-11.07,-10.16,-2.88,.76,-.81,-3.92,3.18,-1.59,.48,1.27,-12.26,-5.87,-5.83,-10.96,-5.71,-10.6,-7.41,-5.09,-7.73,-4.96,-9.38,-12.35,-12.66,-10.58,-13.13,-10.73,-12.02
199010,-1.92,-5.57,.1,.68,-2.86,3.21,4.8,7.53,6.43,-1.45,-1.29,-3.9,1.99,-7.61,-1.35,.93,1.7,.56,-6.03,-11.04,-4.51,-10.45,-11.47,.72,-9.98,-2.93,-2.73,2.78,-22.79,-.37,-17.26,-15.43,-9.52,-4,7.24,2.8,-2.59,-3.9,-3.61,-.14,-6.65,.51,-.39,1.74,-2.55,-3.63,-3.08,-3.7,-8.81,-5.38,-9.8,-6.9,-3.09
199011,6.35,.43,-3.1,.57,8.05,5.23,9.76,5.23,7.9,9.72,12.33,10.78,7.52,16.34,8.25,12.53,9.23,10.04,10.54,8.4,7.35,9.68,2.95,12.23,10.11,5.48,2.93,2.08,9.78,10.06,-5.13,5.78,-4.48,1.64,2.29,3.1,6.52,8.21,12.21,16.53,6.6,9.24,7.12,3.62,5.79,6.29,11.68,8.34,16.13,15.54,5.19,7.77,-2.9
199012,2.46,.81,-1.7,.6,-1.97,4.89,2.71,2.35,5.36,2.22,2.89,5.76,3.36,8.68,2.82,3.67,2.67,3.49,5.59,8.27,5.25,-.4,8.01,.34,4.58,5.74,-1.24,3.91,3.51,5.13,14.93,.31,2.18,-2.01,.8,1.74,6.13,4.89,4.14,4.91,4.39,3.08,6.83,6.24,5.32,4.86,2.86,5.01,7.43,5.11,1.17,2.2,7.07
199101,4.69,3.81,-1.6,.52,6.99,3.12,5.63,4.65,2.68,11.91,4.98,9.36,.82,18.22,10.92,9.35,3.45,5.65,6.95,11.05,10.51,7.08,8.18,10.36,7.27,11.5,7.36,7.31,1.68,7.06,-16.58,8.46,-3.89,-2.04,-1.37,.19,5.35,10.18,15.51,20.25,12.1,9.78,4.7,12.2,12.48,3.08,11.74,1.17,8.23,6.26,4.95,7.36,12.45
199102,7.19,3.95,-.58,.48,10.38,12,7.51,10.84,7.68,17.52,10.19,3.32,6.27,14.54,8.05,9.75,10.04,6.12,6.11,12.1,7.16,20.53,6.64,6.76,8.04,6.84,10.45,1.71,8.2,-1.49,5.89,11.79,13.22,8.5,4.84,3.42,7.83,6,5.12,7.82,5.64,16.16,5.22,5.5,5.45,8.59,7.67,15.71,12.38,9.17,7.87,11.52,6.92
199103,2.65,3.93,-1.39,.44,2.4,6.12,5.89,5.67,1.37,4.39,-2.31,.55,4.19,3.98,12.18,8.98,4.4,-.24,8.27,3.21,2.88,-5.69,.51,4.68,-2.54,2.5,-.56,.33,-.71,6.23,-2.25,-.08,-3.94,1.34,1.71,2.33,4.03,8.12,-3.03,4.79,4.76,2.74,.87,8.5,-1.95,3.26,9.34,9.75,4.81,5.25,11.72,9.62,-3.8
199104,-.28,.48,1.5,.53,-.71,-.84,-1.88,-4.01,-3.47,2.93,-3.64,3.01,-1.4,1.57,-2.33,-2.23,-.88,3.34,1.09,2.89,.62,-3.79,-.1,.32,-2.81,1.27,-2.73,-1.05,8.24,-1.31,-1.4,3.46,6.12,2.45,-.04,1.12,-.57,.3,-5.67,-3.45,2.48,-.43,2.2,.02,3.68,1.49,2.62,-1.83,6.05,-1.84,-2.45,.92,-.13
199105,3.65,-.4,-.52,.47,10.75,2.67,3.1,3.86,3.94,4.14,3.93,4.38,3.96,1.06,5.65,5.33,4.47,10.03,6.19,4.46,7.49,5.4,4.21,6.61,9.12,10.03,15.98,6.26,-7.62,3.98,3.95,-.67,-7.35,-1.38,.15,-1.45,9.29,1.82,1.97,6.54,6.34,5.89,9.34,5.5,7.96,6.62,8.14,6.28,7.04,2.6,-.86,4.12,4.1
199106,-4.94,.13,1.15,.42,-5.16,-4.15,-6.43,-5.74,-6.37,-5.45,-4.17,-7.01,-7.48,-3.28,-7.14,-4.7,-3.85,-3.31,-3.7,1.6,-4.5,-11.05,-4.78,-2.86,-7.04,-4.52,-2.74,-3.54,-8.76,-.65,9.99,4.19,3.56,-3.68,-2.36,-1.9,-4.11,-5.04,-9.76,-8.2,-9.6,-3.11,-3.25,.53,-5.08,-2.55,-4.41,-7.23,-6.68,-4.57,-4.3,-3.63,-8.32
199107,4.24,-.92,-1.32,.49,5.34,5.59,-3.67,9.1,7.43,.69,4.85,1.96,4.84,4.98,9.83,8.14,8.37,4.92,4.15,10.3,6.53,.48,4.51,6.92,1.38,.18,-1.35,5.75,6.16,1.38,-3.87,6.37,-1.26,5.11,3.99,3.2,3.83,1.5,6.12,7.15,1.75,.6,-.72,5.74,5.66,5.74,5.65,1.21,9.42,1.02,1.37,7.42,1.76
199108,2.32,1.58,-.78,.46,5.99,6.44,-.68,5.96,7.17,1.53,-.47,1.6,4.38,9.28,-.42,3.59,3.1,.74,6.89,.45,3.68,.5,.89,6.49,.19,2.14,-3.46,3.15,-7.32,-4.08,-9.28,-.9,3.71,1.7,3.52,.83,.86,1.7,.08,11.15,2.87,3.55,.44,5.73,1.29,-1.61,4.94,.58,8.02,.13,2.16,4.61,3.09
199109,-1.59,1.64,-1.08,.46,-4.55,-3.32,-8.42,-4.61,-2.25,8.47,-1.59,-4.12,.88,3.05,-2.09,-.1,-.23,-3.14,1.82,4.15,-4.87,-4.43,-3.32,2.2,-3.82,-5.84,-2.32,.32,-9.75,-1.76,4.7,7.36,-.38,-.71,3.73,.54,1.89,.22,.46,2.4,-7.29,-2.85,-1.74,.31,-.06,-2.15,-4.25,2,-1.09,.31,-4.8,1.02,-5.51
199110,1.29,.81,-.47,.42,-1.64,-1.12,-.44,2.09,-6.59,11.61,1.35,-.05,1.21,-4.17,-2.04,9.09,7.08,1.79,1.43,-1.22,-3.02,-.88,-.97,-1.11,.01,-.1,-2.37,3.29,1.22,3.37,2.74,-1.01,4.84,2.04,1.23,2.1,.49,2.8,-2.41,10.33,3.56,4.33,3.85,5.88,7.62,2.69,-3.13,2.12,.91,4.75,-2.07,-.2,.23
199111,-4.19,-.5,-1.89,.39,-4.45,-.06,-2.08,3.03,-3.26,1.63,-8.52,-5.11,-1.94,-2.92,-6.7,-1.94,-2.34,-5.88,-3.68,-4.85,-2.12,-8.81,-7.67,-6.19,-9.41,-5.5,-8.77,-5.91,-5.06,-2.76,3.34,-4.31,-10.95,-7.69,1.89,-4.93,-3.18,-3.19,-5.05,-2.65,-4.48,-5.69,-7.23,-4.65,-8.55,-3.79,-.53,-4.31,-8.48,-1.96,-6.76,-3.58,-2.29
199112,10.84,-2.24,-4.17,.38,8.72,15.41,12.61,15.41,14.35,12.17,7.17,12.53,11.95,16.01,19.64,16.33,16.32,10.28,13.22,13.33,18.06,12.43,7.07,13.16,9.33,18.28,6,9.76,15.77,7.13,-1.89,.75,.91,2.07,5,9.82,10.49,11.97,3.66,16.35,10.98,12.32,10.42,4.71,14.24,11.55,13.21,12.69,15.46,11.24,11.83,12.67,15.49
199201,-.59,8.46,4.71,.34,.82,-5.7,1.51,-3.06,-4.91,1.08,13.86,2.8,7.78,3.38,-1.11,-3,-6.3,1.04,-.75,10.09,2.93,7.76,3.22,7.89,4.64,-.84,10.7,3.96,6.1,-3.15,8.8,10.34,-9.37,-4.1,-4.58,-2.61,1.51,.62,6.12,7.08,10.73,3.88,3.51,-10.37,-1.18,-1.78,-.28,10.27,1.68,-1.64,6.19,3.76,5.69
199202,1.09,.87,6.47,.28,-3.28,-.76,2.33,1.5,.35,6.42,11.16,5.92,-1.31,2.13,-5.21,-5.42,-2,2.8,3.06,8.33,2.03,-.11,7.01,1.7,4.91,3.2,14.37,-3.28,-.78,1.64,-2.97,5.9,6.65,-.56,-1.24,-1.21,3.24,2.92,5.87,2.94,3.82,.04,2.59,6.9,5.07,3.12,2.91,-.05,5.24,.19,.24,3.26,-.91
199203,-2.66,-1.04,3.56,.34,-2.68,-2.95,-3.36,1.35,-4.37,-2.75,-1.2,-1.11,-2.01,-4.37,-6.01,-4.55,-5.56,.79,-.38,3.88,-1.02,-8.79,-1.33,-4.8,-1.94,-2.89,1.44,-.85,-.24,-5.44,-12.51,-.16,-4.86,-2.78,-.53,-.98,-3.06,-1.95,-5.01,-7.14,-6.37,-.96,.02,-1.37,-2.4,-.56,-1.37,-1.48,-1.52,-1.04,-3.34,1.38,-11.83
199204,1.07,-6.06,4.34,.32,-3.9,-1.31,-1.31,1.9,7.66,1.06,-2.57,4.55,.96,-5.25,-5.36,-4.44,-1.55,6.33,.63,1.14,.7,-1.01,3.72,-7.97,1.53,.64,11.14,2.1,17.17,3.65,-3.89,-4.04,-5.47,9.57,2.69,6.84,-1.76,-1.18,.76,-5.54,-.43,-.51,3.2,7.71,2.97,-.95,-4.58,2.96,2.79,-.57,-4.47,-.42,-1.46
199205,.3,.41,1.19,.28,3.33,.9,-2.3,3.62,.39,6.44,1.25,-.21,.3,-1.97,-3.7,3.18,1.22,-.88,-2.94,-1.68,.36,1.11,.91,-6.76,-.05,-.41,-1.88,-1.97,-7.44,-3.48,10.96,7.46,-.36,3.2,2.53,-1.7,-1.85,.25,-.5,3.22,-.93,-1.31,-1.01,.12,-.29,1.55,-.2,1.14,3.07,1.63,-1.32,3.01,-6.51
199206,-2.34,-3.07,3.24,.32,.58,-.03,-2.49,-5.49,-9.85,-1.94,-3.92,-3.03,-6.38,-4.41,-5.95,-4.54,-4.65,-4.66,-6.13,-7.41,-5.39,-6.44,1.96,-4.65,-5.88,1.83,4.45,-4.7,-8.28,-1.3,10.03,7.8,-9.74,-3.47,.54,1.23,.27,-2.48,-2.05,-9.92,-3.01,-4.74,-1.43,-.78,-3.97,-2.99,-1.81,-2.26,.5,3.07,-3.81,-.5,-4.71
199207,3.77,-.47,-.56,.31,-.35,5.72,-.02,4.55,4.63,2.44,1.64,2.57,6.75,6.41,6.27,3.83,6.07,4.21,4.76,7.19,4.43,7.34,-.19,9.68,2.57,-.94,-.76,3.3,-5.84,5.95,1.7,-4.34,6.42,5.33,6.69,5.37,2.02,3.68,1.83,3.67,4.93,2.17,-.78,-1.77,.74,3.94,4.29,.56,1.89,6.21,-5.33,3.19,5.93
199208,-2.38,-.13,-1.1,.26,.25,2.09,-7.37,1.28,-.2,-3.85,-1.88,-1.1,-2.92,-1.04,-2.33,-2.94,-3.55,-4.78,-3.78,-1.49,.35,-1.32,-9.14,-1.23,-3.58,-2.75,-10.92,-4.55,-4.04,2.03,-5.93,-2.46,-1.2,2.61,-.49,-1.05,-2.29,-1.74,-8.04,-2.38,-1.74,-1.71,-3.59,-1.26,-5.97,-2.32,.06,-2.76,-4.08,-2.05,-1.7,-3.51,-4.31
199209,1.19,.54,-.26,.26,-3.4,2.92,4.58,-2.11,1.36,6.39,5.49,-.65,3.38,5.78,-7.23,-2.53,-5.13,.05,4.7,2.04,3.15,1.78,-.43,-4.63,2.92,6.52,-1.6,-2.21,-2.06,1.12,-1.34,1.94,13.17,.08,.83,1.81,-.6,1.52,-1.22,6.77,7.3,5.86,.68,2.67,4.17,2.65,4.31,5.86,1.6,6.16,4.87,1.94,6.43
199210,1.02,2.09,-1.98,.23,-2.49,-2.72,-2.55,2.04,-4.2,1.65,4.85,.58,2.47,.74,4.89,4.3,3.04,.77,-.67,.1,1.17,-.71,1.56,9.88,-2.54,-.67,.41,3.43,7.16,-.31,-9.17,1.33,.02,-3.48,-.43,-.54,5.21,3.63,-3.43,9.15,5.97,-1.67,3.11,-.28,6.1,2.74,4.51,3.65,2.88,2.56,3.22,3.32,2.92
199211,4.13,3.76,-1.35,.23,3.21,3.67,7.52,.7,1.97,5.53,8.24,7.21,4.46,10.55,10.52,4.45,4.32,2.18,4.9,5.79,1.54,4.38,6.99,4.4,3.66,8.02,8.23,.97,10.32,6.38,-11.92,-.27,-10.49,-2.66,-.24,4.29,6.87,4.85,7.13,5.46,6.09,5.37,3.86,5.55,5.35,6.65,7.04,8.66,7.3,5.13,-.3,7.71,7.63
199212,1.53,1.69,2.62,.28,6.44,-1.15,1.56,2.9,-2.84,-4.15,4.07,-.77,-1.02,-1.2,-.56,2.14,-2.05,.96,.72,5.15,.29,-1.86,3.98,-2.65,1.21,3.22,3.23,8.77,7.03,9.82,3.81,4.57,-.15,1.93,2.71,5.57,2.45,2.34,-4.7,-.98,6.41,2.53,-.51,.71,1.24,3.11,.2,-.22,4.81,4.22,11.12,5.03,1.77
199301,.93,1.89,5.94,.23,1.92,-3.27,-1.48,.86,-5.75,5.42,6.44,4.69,2.29,-1.33,-1.53,-3,-8.09,-2.26,2.02,2.58,.15,3.7,6.52,-1.96,3.97,.66,9.59,-3.73,-.75,-.58,-5.65,-1.8,-3.66,2.78,2.45,1.16,-.16,-.87,4.2,5.3,8.12,.93,1,-1.09,2.9,2.25,-.21,1.04,4.22,2.99,2.44,3.72,.46
199302,.12,-3.48,6.42,.22,-1.36,-2.23,6.9,-2.35,-3.2,-9.68,-3.38,-.25,3.37,-7.06,-15.39,-12.11,-7.61,.98,2.45,3.46,6.72,4.01,-.51,-2.57,3.68,-2.31,-.01,2.06,-.35,3.27,5.84,3.3,-1.92,5.98,6.21,5.72,.7,-.05,-1.87,-4.62,3.92,2.26,1.63,-5.17,.44,-1.71,-1.77,-.03,1.88,-.61,2.05,2.05,-4.88
199303,2.3,.24,1.18,.25,1.34,-2.59,8.56,2.46,-.89,2.63,4.33,1.1,1.04,5.05,5.39,-1.08,.57,2.14,4.23,2.94,2.48,-1.36,-.83,4.66,2.15,6.38,6.29,3.76,-3.02,5.31,17.69,8.1,-1.9,4.13,1.76,3.26,-.9,2.13,-1.1,4.48,4.64,1.71,-2.14,2.07,4.03,2.12,2.96,4.02,3.87,4.42,7.87,5.77,-2.1
199304,-3.05,-.67,2.49,.24,-4,-12.38,-11.58,-9.18,-15.78,1.32,-3.59,-1.77,-5.12,-6.41,.25,-9.69,3.37,3.31,-4.77,-4.8,-2.37,-.35,-2.25,.04,2.51,.2,3.79,2.03,-6.77,3.77,9.31,-7.88,-4.69,1.17,-.14,-2.87,-3.86,-4.56,-3.29,-6.51,-2.28,-1.31,.07,.69,.45,-3.9,-9.25,-6.39,-4.71,-2.77,-1.64,-3.04,-5.17
199305,2.89,2.04,-3.42,.22,2.43,2.61,4.78,3.18,4.77,7.44,11.74,1.67,1.44,2.89,9.64,6.95,2.39,1.69,2.83,.07,1.15,2.55,4.17,-.98,4.84,2.76,.47,4.73,7.93,-2.1,9.51,.54,8.68,1.74,-.05,4.23,5.6,3.2,9.81,9.79,9.29,5.92,.95,-2.32,2.49,5.27,5.85,7.18,-.95,1.46,1.84,1.82,5.42
199306,.31,-.29,2.75,.25,-.01,-1.93,.58,2.01,-.27,3.56,-2.5,-1,1.84,-12.14,1.16,-1.1,-3.79,-4.19,-.69,-4.38,-.65,-.08,1.36,-5.92,2.01,2.86,3.82,1.58,-9.21,6.93,2.81,.63,-8.86,-1.11,3.18,4.64,4.77,-.46,-4.79,.17,4.1,-.89,-1.96,-.92,-1.28,-.12,-3.46,-4.25,5.15,1.94,-.98,5.03,-4.16
199307,-.34,.96,2.85,.24,1.15,-5.17,7.87,.01,-4.59,1.14,-2.08,.51,-2.08,-4.16,2.17,-4.8,-7.37,1.05,1.22,-2.95,-.85,1.78,-2.5,-2.65,.11,2.26,2.74,3.54,1.88,2.02,8.88,.19,6.9,.47,1.94,2.15,2.99,2.09,-8.17,-8.47,1.31,-.18,-2.33,-3.67,3.82,1.25,.12,2.25,1.2,3.45,4.17,3.46,-6.32
199308,3.71,.13,.13,.25,4.89,5.37,15.46,2.15,-1.32,7.85,7.22,3.38,3.68,2.25,-2.47,-.18,4.65,3.26,8.83,8.8,4.61,7.02,2.78,9.76,7.67,.34,-.78,3.2,5.16,4.49,-11.07,-5.28,5.94,4.22,3.68,5.47,2.92,4.51,4.29,2.81,11.16,6.87,2.91,-.67,4.34,4.57,3.69,4.82,1.1,4.48,2.45,5.71,6.06
199309,-.12,3.04,-.31,.26,.45,-2.17,-8.48,-1.49,-3.8,3.28,7.39,-.65,-1.72,-4.31,6.26,-1.79,.6,-2.4,.24,-3.29,-.55,-3.11,-4.34,-2.25,-1.85,-.89,.7,-1.34,8.96,1.03,-10.7,-7.59,6.57,1.37,-.64,-.48,2.5,2.31,-2.99,6.18,2.57,-2.71,-3.68,3.13,-1.16,-.83,-.34,1.36,3.31,.6,6.36,3.91,-3.4
199310,1.41,2.03,-2.76,.22,-1.31,9.28,-.72,2.13,9.67,1.71,3.12,7.86,7.52,6.91,9.24,5.85,5.47,2.61,3.84,2.19,3.8,-.93,4.29,12.93,3.29,.88,9.2,.55,3.72,2.1,9.4,4.47,-.89,-1.94,-1.96,2.59,3.13,2.84,6.37,2.71,-2.4,-.99,1.27,-9.66,3.25,2.41,4.8,6.63,-4.68,-2.89,-1.87,-3.48,-9.79
199311,-1.89,-1.25,-.74,.25,-1.45,.9,-2.38,-.44,5.83,-.05,-3.49,.35,1.43,1.58,.94,-1.55,1.58,1.16,-1.57,.14,4.2,-1.23,.32,-2.5,-2.22,.43,1.77,2.46,-4.78,-2.89,-2.44,-.92,-.17,-5.95,-5.52,-6.04,-5.38,-2.89,6.21,.22,-4.56,-2.12,7.09,5.42,1.61,-1.09,1.47,-.57,-3.16,-4.73,-.02,-3.6,1.21
199312,1.65,1.23,.32,.23,5.95,-.74,11.22,4.24,-.93,-7,1.93,3.22,1.76,.06,11.74,2.1,1.09,2.99,4.18,.57,.98,3.67,6.85,.14,4.19,7.02,4.51,6.83,2.26,4.4,12.29,16.89,4.73,.59,1.61,-.44,4.86,3.13,4.64,-.82,3.05,6.78,2.73,6.01,2.17,3.02,-3.83,5.8,3.42,1.55,.11,.84,1.78
199401,2.87,.34,1.15,.25,5.15,1.45,4.3,-4.93,10.13,2.04,4.82,-.62,2.39,.58,10.26,6.46,-.18,7.95,3.08,-6.77,2.88,4.58,10.44,4.43,4.74,3.13,8.58,2.36,.9,2.64,-1.87,7.64,-3.35,4.9,-1.22,2.01,.25,3.02,5.01,5.23,4.75,2.49,7.35,2.15,4.69,2.89,.05,5.64,4.93,3.41,-.54,3.98,8.49
199402,-2.55,2.8,-1.54,.21,2.61,-2.61,3.37,1.63,-7.13,5.72,-1.91,-3.41,-1.15,2.62,1.05,-6.42,-6.46,-.89,-2.33,.53,-.73,-5.53,-3.24,-1.5,.99,-1.31,-4.89,1.96,1.03,3.07,-.58,-2.47,-2.08,-2.95,-4.96,-5.53,.62,-2.4,.58,2.5,2.6,2.37,-1.77,-2.97,-4.54,-.92,2.84,1.41,-3.75,-4.39,-.79,-4.16,-7.68
199403,-4.78,-1.08,1.6,.27,-7.88,-3.8,-10.8,-3.17,-10.99,-6.45,-9.53,-4.05,-5.03,-.31,-4.62,-6.42,-7.08,-3.15,-5.77,-.56,-6.24,-3.86,-5.74,-6.21,-3.22,-4.28,-6.85,-4.54,-8.39,-3.48,5.23,-1.79,-9.79,-3.56,-3.93,-3.74,-5.08,-4.9,-4.55,-4.97,-2.26,-5.6,-7.51,1.66,-6,-5.63,-4.31,-8.32,-2.83,-3.54,-3.96,-4.07,-5.91
199404,.68,-.93,1.66,.27,-1.64,1,2.24,1.83,11.26,.09,-3.45,-1.36,1.61,-1.14,-.12,-1.98,3.51,2.54,1.25,2.76,.28,-2.8,-.98,.8,-1.2,-3.8,.11,-.12,-4.47,-1.49,-12.77,-5.27,-.41,4.18,2.12,1.42,-2.2,.44,-2.25,.98,-2.9,-1.77,-.71,-2,-.32,-.38,.23,1.39,4.62,-.1,-1.31,2.4,3.8
199405,.58,-2.15,.67,.31,-.76,-.65,-1.74,-2.17,-6.79,.56,1.65,1.16,.94,-1.43,3.67,3.89,4.65,3.57,-1.06,-5.41,2.08,-3.46,3.53,7.68,-3.17,3.38,-2.09,3.02,4.82,-3.55,1.21,2.96,-1.81,.93,-5.35,1.66,-.03,1.09,.24,6.87,.99,.88,2.63,4.14,-2.02,.4,-2.52,-.27,5.36,3.61,0,2.95,-.47
199406,-3.03,-.41,1.67,.31,-3.94,1.35,-5.84,-4.58,3.1,-5.59,-3.86,-4.36,-3.22,-2.39,-8.95,-3.11,-3.01,-2.65,-2.01,-5.49,-4.18,-.04,1.01,.33,-2.15,-5.11,-3.44,-1.9,-3.26,2.76,-3.58,-5.1,5.54,-2.75,-3.14,.71,-3.92,-2.91,-7.2,-6.03,-3.55,-2.91,-1.72,-2.48,-2.17,-4.24,-1.66,-6.78,-2.01,-3.22,-2.61,-3.01,-1.92
199407,2.82,-1.81,.58,.28,.49,2.56,.57,5.49,5.53,1.55,2.38,1.61,2.67,2.22,3.63,2.15,.42,4.09,4.8,-.02,4.9,1.59,6.76,-.69,4.63,7.36,4.27,.41,-2.96,-.87,-1.12,3.33,-2.29,3.28,5.17,3.2,2.8,2.46,4.13,-.15,6.53,3.56,7.29,-1.35,1.6,2.13,.89,-.48,2.03,4.39,-.59,1.8,2.36
199408,4.01,1.45,-2.51,.37,4.91,8.2,-7.81,5.17,9.78,4.1,3.55,3.5,6.88,5.66,8.32,11.29,11.23,6.11,4.21,3.83,6.55,-1.33,5.32,5.64,4.32,.33,-1.82,4.4,9.46,5.11,5.17,3.32,3.77,-.12,.66,1.16,8.01,4.88,12.26,10.37,7.31,6.48,6.24,.58,1.96,3.62,4.56,4.13,3.69,2.38,5.28,5.88,3.94
199409,-2.31,3.14,-1.89,.37,-2.66,.38,-1.47,2.49,-2.82,-1.72,-3.97,-3.28,-1.21,-2.64,2.14,2.25,1.55,-1.09,-2.84,-5.8,-2.36,-4.36,.44,-5.04,-3.17,-1.95,-5.49,-5.36,-3.29,-7.62,8.12,4.38,-1.12,-2.09,-2.78,-1.1,-.97,-.21,.52,.9,-2.32,-.83,.16,4.07,-6.91,-.83,-2.55,-3.73,-6.33,-2.46,.79,-4.81,-2.37
199410,1.34,-2.24,-1.62,.38,-2.36,2.28,4.94,3.74,-2.42,6.19,-1.26,.94,1.22,2.42,-1.71,-1.77,1.87,.26,2.52,-.33,-1.33,.47,-3.78,-2.94,3.44,1.29,-1.23,2.46,-4.08,2.71,-10.71,-7.1,-4.2,7.43,1.57,-.08,-.94,1.6,9.68,9.98,6.2,.12,-3.92,1.64,2.34,.09,1.18,3.94,.19,.48,-2.4,.66,-.08
199411,-4.04,.25,-.7,.37,-2.29,-1.99,-3.39,.87,-1.99,-7.82,.58,-2.07,-2.22,-3.88,-5.93,1,1.53,-7.88,-4.01,-2.92,-4.1,-6.95,-8.58,.25,-7.8,-5.43,-5.11,-2.87,-3.93,-2.57,-11.86,-8.09,-8.35,-4.82,.27,-5.45,-9.71,-4.11,-1.56,-1.52,-2.61,-3.77,-4.2,-6.24,-4.56,-3.88,-2.48,-5.54,-6.84,-3.45,-4.37,-4.81,-8.43
199412,.86,.22,-.13,.44,.27,1.54,1.6,1.9,-2.04,-4.68,4.94,2.68,1.05,1.59,-.63,3.39,.31,3.73,3.4,2.1,1.39,-.81,4.47,-.64,1.94,9.25,4.66,5.17,6.27,4.83,2.23,3.51,2.68,-1.03,.35,.9,5.06,2.25,2.96,1.67,2.58,3.42,4,1.41,-.23,1.37,-4.78,1.34,-.21,3.92,1.54,.17,1.78
199501,1.8,-3.5,2.57,.42,7.87,2.11,6.11,2.84,4.59,.14,7.93,.14,2.67,-4.13,5.16,5.77,6.42,-2.72,-.81,0,.77,4.45,-5.91,4.9,-.21,.5,-6.15,.24,-1.61,2.78,-10.92,-1.67,-.59,.39,6.22,4.2,.12,.15,-2.77,-1.71,.87,1.76,-1.54,2.68,3.36,.79,.77,6.95,6.05,5.83,-2.38,3.97,4.2
199502,3.63,-.66,1.08,.4,-5.12,1.46,5.14,4.87,-1.24,4.26,3.9,5.24,3.29,2.07,2.64,2.29,2.17,5.9,5.54,3.58,5.65,4.22,3.42,4.46,5.38,5.97,4.9,6.21,5.24,6.73,5.12,3.79,-6.35,4.51,.82,1.51,3.45,5.86,5.27,7.74,8,5.89,8.53,6.1,7.47,5.16,2.16,3.44,6.64,2.22,6.37,6.33,-4.14
199503,2.19,-.16,-2.15,.46,6.16,3.56,1.81,2.4,5.91,2,4.56,1.37,1.98,2.48,5.34,6.24,1.78,5.63,3.54,-4.61,1.51,-2.76,2.15,5.4,5.8,-.2,1.68,7.87,.94,1.56,18.72,4.05,6.31,5.28,-1.75,.28,6.62,2.88,5.47,6.28,3.09,4.03,2.18,6.18,3.33,2.19,3.89,2.14,.49,2.3,1.07,.76,2.99
199504,2.11,-.49,1.71,.44,4.26,3.85,2.48,3.23,-4.35,-4.97,3.35,-2.49,3.94,-1.23,-2.69,3.43,3.83,3.11,-.19,.99,2.21,3.45,.02,-3.91,4.84,3.01,2.51,4.16,-.38,8.54,-2.82,-.89,.45,2.26,2.38,1.59,.43,1.17,9.55,6.01,10.35,4.82,1.67,-4.07,2.74,3.11,-3.51,2.22,4.08,-2.25,-1.31,4.01,.16
199505,2.9,-2.55,2.29,.54,2,3.35,-2.73,8.42,3.92,6.16,1.44,3.78,2.71,.61,-4.89,.67,2.76,3.18,3.68,3.98,1.59,5.6,1.67,4.84,3.03,3.39,5.51,6.04,-4.75,5.35,-.31,-2.3,3.37,4.09,6.03,.63,-4.02,-.82,1.71,2.25,5.06,3.79,2.24,.49,-.52,1.96,2.87,3.85,8.11,4.48,5.46,4,5.23
199506,2.72,3.18,-2.54,.47,4.76,2.61,3.76,-.13,-.92,1.75,.63,2.94,-.19,3.3,1.82,6.6,4.48,1.26,1.33,1.38,4.55,.69,6.51,.41,3.48,-.83,1.05,5.11,1.08,.36,-.67,1.85,3.98,-3.1,-.46,3.86,8.65,3.24,8.1,10.45,12.43,7.33,3.85,4.37,4.55,4.3,5.15,2.72,1.41,.91,4.99,4.86,4.15
199507,3.72,2.07,-1.62,.45,3.37,-.73,-.88,2.39,-3.47,4.65,4.19,3.29,-.99,7.48,10.2,6.51,4.47,2.61,5.7,3.66,1.97,6.16,6.45,6.66,7.95,4.07,2.42,6.26,11.97,.87,2.02,13.74,-1.21,2.31,-.38,5.15,2.44,4.51,8.66,6.07,9.51,4.97,2.66,-2.15,9.26,3.16,4.03,1.84,4.82,3.02,4.09,5.02,8.15
199508,.55,1.35,2.79,.47,3.17,1.17,5.75,-1.63,4.57,.91,-.63,2.31,.84,1.01,.19,3.9,.67,-.43,1.9,-1.44,.35,3.72,.01,-.52,-1.32,-.03,.29,-1.62,2.55,-.4,2.28,-4.82,4.16,-1.6,.99,4.32,4.11,2.53,.54,-.09,-.85,.26,1.06,-.67,.48,-1.08,-3.52,-3.2,5.22,5.4,-.24,4.58,-5.32
199509,3.35,-2.2,-.04,.43,7.92,8.12,5.4,9.26,2.89,-3.03,-1.19,2.41,5.39,4.7,2.99,8.23,8.01,2.9,-2.25,-2.08,3.23,-.67,-4.13,-.75,-3.15,6.53,-.39,5.57,1.19,4.18,-.88,3.5,1.97,1.29,6.29,5.64,5.45,4.9,.38,1.53,1.57,1.73,.7,-11.03,2.75,.59,3.21,2.77,5.55,6.49,3.9,4.67,-2.85
199510,-1.52,-3.78,-.5,.47,2.96,-.29,5.21,3.93,2.79,-5.83,-2.11,-2.61,2.8,-3.4,-3.32,-1.52,2.28,-5.75,-3.95,-8.76,-1.77,.32,-5.92,-3.7,-3.52,-.51,-5.41,-1.76,-5.03,-5.68,-12.8,-6.72,-13.19,-.22,1.49,-.12,-.8,-.62,6.69,5.29,-4.99,-1.11,-2.26,-8.22,-1.69,-.75,-8.14,1.19,-2.29,-1.03,-4.36,-2.83,-3.52
199511,3.96,-1.09,.51,.42,5.65,3.81,6.22,4.86,2.93,4.44,1.26,7.48,6.27,.74,5.74,3.71,5.13,6.56,6.11,6.92,4.86,4,8.02,4.3,5.35,5.56,5.47,9.1,5.48,9.97,12.46,8.53,-.95,4.79,1.56,2.81,5.98,5.36,.03,1.05,-4.48,4.59,5.87,13.81,6.18,3.15,6.89,5.65,7.1,7.38,-4.97,3.91,3.63
199512,1.03,.7,.22,.49,2.63,3.62,-1.89,-.8,4.99,-.03,-2.47,.84,-1.8,5.96,3.36,4.26,6.59,2.11,-2.98,-2.96,-1.84,8.39,-.4,1.09,-.7,6.62,4.59,4.14,-.26,6.3,3.03,1.17,7.45,5.8,5.08,3.94,-1.17,3.36,-3.88,-3.31,-6.62,1.3,-.75,3.12,-1.52,2.24,-1.58,.07,.89,2.58,5.46,-1.33,1.57
199601,2.26,-2.73,.38,.43,-1.07,3.78,-2.53,3.26,1.82,8.28,3.14,.54,2.64,-2.36,7.4,5.32,5.99,5.43,3.12,-3.89,3.33,1.78,3.9,.03,2.18,5.29,3.09,.71,-.13,9.84,25.32,4.18,-2.34,-.41,1.86,2.32,-.4,1.44,5.48,1.1,-.82,1.39,1.49,-.28,-.13,-.5,-1.46,6.31,4.35,3.2,1.8,4.47,.11
199602,1.33,1.79,-1.08,.39,8.53,1.24,5.53,5.61,3.18,1.48,1.93,3.03,-.32,1.87,1.34,-.68,-1.53,2.76,2.85,.29,-1.86,.3,-.72,7.35,3.58,-.74,1.75,3.16,2.48,-.73,.92,4.9,1.82,1.05,-2.63,-2.19,-.08,2.04,11.34,6.25,3.78,-1.43,-2.23,7.19,4.18,3.13,5.53,3.69,2.72,1.32,4.72,2.15,1.46
199603,.73,1.49,.35,.39,-1.4,-4.22,7.44,1.9,-7.68,-.47,1.77,.92,1.56,11.49,1.61,.39,-.04,5.88,3.56,2.67,2.11,1.98,5.38,-2.25,2.03,3.02,5.87,4.02,-.47,3.22,-.22,-.59,4.53,4.99,-.52,-1.87,4.83,3.41,-8.02,-.68,-2.27,2.16,2.89,4.31,3.26,2.69,8.25,.92,3.14,-2.52,6.66,2.33,6.66
199604,2.06,5.23,-4.02,.46,5.95,-.59,-1.05,-.89,-1.6,.84,3.05,2.8,3.89,5.41,.78,-1.5,-.65,-.87,.88,3.46,4.57,-.6,1.92,8.79,3.4,.39,2.99,.55,10.88,-.49,.96,1.2,.64,3.43,-2.68,2.7,7.52,5.51,9.78,9.99,12.68,4.9,3.18,-.19,2.65,5.04,4.36,2.6,-1.31,-1.28,2.33,.54,5.12
199605,2.36,3.17,-.83,.42,-1.88,5.87,4.94,9.69,5.48,4.1,2.23,3.23,3.24,8.05,1.45,2.73,4.52,-.38,4.22,5.77,2.18,1.63,-.11,5.14,1.01,6.19,1.38,2.87,-1.77,1.4,4.79,.57,15.73,.44,1.33,.05,5.94,4.11,3.52,3.07,5.29,2.23,.86,4.62,-.28,4.12,5.11,.34,2.02,.14,4.12,2.66,5.36
199606,-1.14,-4.01,2.35,.4,-.48,2.46,4.04,6.54,3.68,-1.74,-2.97,.46,1.36,.12,-2.03,-3.56,.62,-2.35,1.4,.98,.56,-1.19,-5.6,.43,-4.88,3.15,-5.27,1.05,-.6,-2.01,-17.03,-3.66,9.35,.94,5.26,.42,-2.51,-1.1,-7.04,-1.01,-6.87,-1.51,-1.35,-1.03,-1.43,-4.05,-1.08,-.53,-.07,1.5,.18,1.12,-2.81
199607,-5.97,-4.31,5.14,.45,-4.96,-2.29,-2.19,-5.78,.2,-10.67,-12.31,-6.65,-3.32,-4.33,-9.71,-9.43,-4.93,-3.03,-3.79,-3.6,-4.23,-8.27,-5.71,-5.22,-8.29,-4.8,-4.23,-1.15,-1.66,-4.29,-.36,-5.91,-8.38,-4.6,-5.82,-8.54,-6.47,-6.83,-5.89,-8.35,-8.85,-6.96,-1.76,-2.39,-7.19,-7.85,-7.62,-7.44,-.46,-5.15,-9.07,-3.87,-10.63
199608,2.77,2.44,-.74,.41,3.1,-1.07,9.4,2.14,-13.18,1.87,-.35,3.62,1.69,5.77,7.29,5.43,3.58,3.72,3.6,3.55,3.19,3.57,5.78,7.4,4.58,1.68,3.2,4.14,3.6,1.11,5.04,.67,1.16,2.92,2.89,-.93,3.34,3.35,5.1,2.67,5.76,3.74,4.62,1.06,3.11,3.8,6.89,3.58,4.44,3.93,7.58,3.4,8.87
199609,5.01,-.98,-2.72,.44,4.21,9.06,8.92,.73,1.41,7.03,7.66,2.79,6.34,7.15,3.33,10.08,7.43,5.91,2.69,.02,7.5,-1.2,1.96,1.48,6.47,9.97,-.68,4.88,7.95,7.39,-8.3,2.48,10.33,4,.67,1.53,7.99,4.51,12.12,11.04,10.62,4.51,4.88,2.59,1.61,4.89,3.29,.49,6.44,5.02,2.82,5.03,5.12
199610,.86,-4.44,4.94,.42,5.85,2.58,-2.41,.78,3.31,-.44,-2.23,1.21,1.05,-.25,-6.96,-5.2,.97,1.48,.35,-1.27,.81,3.37,-.8,-2.12,-1.33,5.7,4.9,2.87,.11,-1.78,-2.85,.67,1.03,5.91,3.61,-.72,-4.14,-3.85,-.87,-3.7,-.72,-3.7,3.33,-.87,2.09,.12,-1.96,-3.65,7.2,3.64,-2.18,2.89,1.89
199611,6.25,-4.02,1.39,.41,1.18,6.21,3.03,2.74,10.74,6.5,9.09,5.4,5.4,-.49,5.66,2.2,7.55,5.12,9.7,.72,2.56,6.3,7.99,4.15,8.77,6.99,6.47,4.46,6.74,8.68,.28,4.89,4.08,5.51,2.61,5.65,5.63,1.21,15.06,8.47,14.2,10.84,4.46,7.86,6.72,4.77,2.1,3.91,9.36,7.21,-.31,8.02,3.69
199612,-1.7,3.16,1.31,.46,.38,-2.65,4.63,.52,9.3,-7.85,-5.75,-1.68,.39,2.65,2.56,1.64,-3.99,-2.08,-2.36,1.76,3.16,-1.01,-1.55,.47,-1.01,-2.98,-2.41,5.8,-2.41,1.02,-1.35,-3.97,11.31,.78,.15,2.64,-3.14,-1.28,-5.31,-3.32,-.28,.35,-.32,8.16,-1.36,-.16,-4.31,-2.98,-3.45,.36,-.14,2,-4.43
199701,4.99,-1.95,-1.42,.45,4.76,2.35,11.1,11.36,4.63,2.93,3.85,.62,6.57,6.44,2.32,4.51,11.31,3.77,.33,5.54,4.98,11.33,4.92,3.22,5.34,4.29,3.46,1.78,2.43,1.12,-6.24,.19,12.26,4.34,.9,2.34,3.81,.86,6.7,7.95,15.36,4.81,1.13,-.33,2.39,.11,.34,1.76,7.83,4.86,5.41,5.74,14.06
199702,-.49,-3.22,5.67,.39,.55,2.71,6.93,2.74,12.47,-.24,-.28,2.64,2.87,3.12,2.43,-1.28,1.16,1.11,.04,2.24,-1.97,-8.08,.52,-3.08,-1.75,-.96,.23,-1.62,1,-3.8,21.99,10.88,-3.26,-5.69,-.55,2.29,-3.37,-1.97,-8.09,-6.45,-9.37,-.98,4.82,3.16,-1.06,-1.02,5.63,-2.83,4.15,3.01,6.92,5.38,-7.49
199703,-5.03,-.36,3.39,.43,-5.83,-.74,-3.88,-6.53,-13.54,-1.07,-4.18,.07,-6.06,-5.66,-10.83,-7.41,-6.93,-2.18,-3.89,-2.82,-5.54,-4.17,-4.58,-2.64,-2.02,-3,-4.05,-.88,-2.4,-4.46,-15.49,-5.28,-5.4,5.28,-2.76,-7.59,-3.15,-4.14,-7.16,-7.2,-2.62,-7.36,-5.59,2.36,-.2,-6.64,-.55,1.37,-7.86,-4.37,-5.32,-7.02,-4.48
199704,4.04,-5.77,.07,.43,6.64,3.26,1.67,11.37,3.24,4.06,2.2,-.76,8.45,-4.1,2.07,2.17,7.27,3.27,3.79,-3.35,9.04,1.93,2.23,.31,4.19,9.97,4.38,.63,5.31,6.61,-10.04,-1.32,6.74,.05,-1.4,2.54,4.69,1.74,6.64,12.77,5.55,6.4,3.1,6.72,5.66,.63,1.72,5.97,6.65,5.97,-10.45,5.5,-3.09
199705,6.74,5.19,-4.13,.49,4.95,2.27,5.4,6.43,9.98,6.19,5.31,6.65,8.15,5.01,9.01,9.29,6.29,4.54,8.41,7.26,6.54,7.03,8.15,9.09,12.36,9.03,6.08,6.96,7.49,6.04,9.79,5.74,-4.65,7.33,3.78,6.64,8.29,11.47,12.86,10.07,7.82,8.71,7.7,7.69,6.13,8.78,6.43,.99,4.32,7.78,9.16,7.44,8.89
199706,4.1,1.22,1.58,.37,8.96,6.38,6.59,.07,2.67,5.58,-.45,6.9,4.17,3.6,7.33,5.82,9.51,6.18,3.08,2.35,5.52,5.24,4.39,7.78,6.19,6.82,3.1,3.92,2.97,9.77,-3.3,4.82,2.88,1.31,3.05,3.78,3.49,5.67,.7,2.35,.88,1.83,3.27,3.95,2.41,1.92,6.59,1.14,5.73,6.55,5.55,7.14,2.94
199707,7.33,-2.74,.26,.43,-1.95,5.02,26.93,1.85,1.3,3.55,1.33,4.62,4.43,3.11,-3.57,6.45,2.06,7.05,2.24,3.02,8.7,13.36,10.2,.96,9.85,8.63,8.11,7.89,12.44,3.77,3.65,.22,10.8,7.44,2.8,2.69,1.63,3.57,22.69,10.7,18.49,7.02,5.74,6.08,8.08,5.11,8.86,7.39,12.07,8.17,7.3,11.02,3.7
199708,-4.15,7.28,1.18,.41,8.35,-4.6,-9.19,-12.61,-3.04,-3.62,-2.24,-2.73,-8.26,-6.18,-2.16,-1.49,-7.34,-4.54,.17,.76,-7.57,2.13,-1.77,2.18,1.01,-9.44,1.41,-7.65,-4.38,-1.16,2.34,-.82,-5.22,.28,-1.16,-2.48,-2.48,-1.61,-1.05,-2.6,-.77,1.84,-2.84,-4.34,-4.15,1.3,-2.91,-5.07,-5.36,-6.98,-.2,-3.1,-.91
199709,5.35,2.53,.37,.44,6.9,6.71,.99,8.11,-2.78,1.9,5.86,7.95,5.11,5.07,2.46,3.62,7.61,.57,3.37,6.18,4.6,6.16,1.14,2.63,.74,8.44,5.71,2.2,14.66,3.14,9.64,1.58,-4.38,6.3,4.64,9.65,13.51,4.27,5.29,2.6,2.5,4.2,3.41,-6.69,8.6,3.81,5.4,5.8,7.75,6.5,11.33,14.89,7.81
199710,-3.8,-.74,2.27,.42,-2.03,-1.73,2.27,-5.95,-4.16,5.13,-1.4,-.4,-3.71,-7.95,-2.63,-6.77,1.6,-4.27,-4.12,-4.01,-3.41,-.31,-7.65,-3.26,-8.69,-5.27,-3.82,-12.39,-3.11,-9.3,-20.2,-8.42,-17.21,-1.98,.92,3.07,-4.13,-5.5,-9.05,-1.92,-12.77,-11.36,-6.18,-4.86,-1.46,-1.59,-1.67,-5.49,-.99,-3.27,-6.67,-2.74,-14.08
199711,2.98,-5.11,1.19,.39,6.57,7.59,6.97,7.29,8.65,.71,8.99,4.07,5.53,1.48,.66,4.04,2.9,3.15,5.5,-.95,3.52,-1.85,-3.49,-6.21,-2.71,12.05,-2.2,6.83,1.13,1.81,-17.95,-3.6,-7.03,-3.53,7.15,10.5,2.02,1.16,2.7,3.25,-1.29,.39,3.48,-.77,-.84,1.41,6.57,3.31,3.78,2.75,1.39,5.41,-.04
199712,1.32,-2.49,3.84,.48,2.19,2.68,12.81,4.2,5.38,-5.82,4.29,6.49,2.98,-8.97,1.17,2.28,4,-.16,6.64,.63,3.98,2.94,1.55,1.16,-.89,-.13,4.79,-1.96,-1.96,.41,-1.73,-8.24,3.59,-1.47,7.95,4.52,5.77,5.9,-4.74,-3.85,-6.5,2.62,-6.89,-3.67,2.04,-.12,-.69,-1.26,6.18,5.39,1.98,5.81,8.78
199801,.15,-1.06,-1.63,.43,-6.28,-3.25,-8.85,-2.03,-7.35,4.73,6.64,-.63,.8,.41,-9.5,3.23,7.67,-2.5,-2.61,.14,-.92,8.51,2.41,-3.7,-2.63,4.77,.82,1.31,-1.99,5.16,-.66,-1.41,-10.73,-5.73,-4.39,4.71,-.73,-.71,4.09,6.27,7.37,-.74,3.25,-4.77,-.21,-.69,1.74,-1.82,-3.67,-.72,.18,-5.03,-7.49
199802,7.04,.32,-.85,.39,14.81,3.71,4.49,4.69,4.5,6.87,5.67,6.13,9.1,11.62,10.79,7.01,4.8,8.1,8.16,4.11,8.69,8.16,5.83,9,11.08,1.49,12.36,13.48,2.33,11.93,2.21,2.36,8.78,6.83,2.64,2.66,4.59,9.05,10.11,12.01,9.44,9.81,4.84,11.85,3.97,7.92,11.01,11.48,8.78,8.6,-1,10.26,4.32
199803,4.76,-1.14,1.39,.39,-.6,4.19,10.34,12.45,-3.26,-3.04,.16,5.41,4.24,4.26,5.46,2.08,3.67,5.58,2.79,7.35,8.81,7.15,3.39,5.16,2.67,9.68,6.18,-.37,2.76,-2.04,6.91,13.59,5.66,4.78,6.77,9.8,7.7,6.63,-3.18,8.84,-2.08,.26,2.02,5.41,6.93,3.29,7.18,6.28,5.85,5.3,1.52,6.52,11.1
199804,.73,.07,.94,.43,5.64,-4.27,2.27,-3.08,-10.83,-2.14,10.55,1.42,1.06,2.71,1.71,.59,2.11,2.78,4.17,1.49,-1.51,-3.8,3.59,-.78,1.6,-1.15,1.6,1.24,-1.76,-.1,6.26,1.56,.94,3.8,-2.51,-3.05,-10.04,.09,10.64,.56,6.34,-.43,3.61,-3.95,-3.08,2.19,-.15,.88,1.81,1.56,-.44,3.25,7.4
199805,-3.07,-3.36,3.4,.4,5.28,.69,1.56,2.88,.59,-2.42,-7.18,-.82,-1.21,-.78,-6.09,-1.75,-2.24,1.12,-2.43,-2.66,-2.59,-6.01,-7.26,-6.04,-6.15,-2.51,9.69,-3.55,1.49,.23,-19.94,-5.75,-1.67,-4.21,-.88,-1.52,-4.87,-4.05,-4.23,-6.91,-10.17,-6.18,-5.65,.59,-4.81,-3.59,3.89,1.13,-2.77,-1.55,-4.4,-2.1,-5.64
199806,3.18,-3.2,-1.97,.41,5.25,-1.11,4.66,6.71,5.52,4.31,-3.67,6.3,3.67,2.15,-4.39,4.7,7.29,-3.37,-.5,-7.15,-2.07,7.43,-1.83,-6.31,-5.86,6.51,2.35,-1.95,-5.39,-5.96,-3.62,-6.63,-2.22,-1.33,2.84,3.19,.41,6.12,5.32,17.71,5.18,-4.24,-6.78,-8.02,1,-.06,6.56,-.05,2.73,4.57,.68,4.43,8.97
199807,-2.46,-4.92,-1.78,.4,-13.8,-6.74,-13.59,-4.49,10.37,-9.85,-1.03,-2.52,-3.48,-10.18,-7.85,1.26,.2,-8.97,-4.2,-9.61,-6.34,-2.09,-6.4,-6.35,-9.74,-2.07,-1.04,-5.44,-4.49,-5.9,-17.24,2.13,8.52,-7.02,-5.35,3.79,-7.25,-5.98,5.76,-4.81,4.28,-7.05,-6.48,-8.13,-6.09,-3.63,-2.51,-4.26,.89,-4.23,-8.58,-2.3,-.86
199808,-16.08,-5.7,3.53,.43,-2.32,-8.26,-25.94,-19.76,-5.2,-16.02,-23.41,-9.94,-10.92,-22.15,-22.79,-16.17,-10.88,-11.87,-17.62,-14.85,-18.46,-21.68,-18.39,-21.35,-19.24,-11.22,-19.92,-20.54,-9.94,-11.57,-25.1,-15.82,-24.69,-10.01,2.29,-11.81,-20.19,-16.99,-13.76,-18.66,-21.12,-15.19,-14.08,-21.27,-16.63,-17.64,-13.22,-14.92,-24.21,-16.09,-18.44,-26.14,-21.77
199809,6.15,.1,-3.42,.46,-8.48,5.53,4.5,-5.02,12.46,-7.38,-.21,-.21,-5.11,2.53,-4.38,7.94,13.61,.68,-2.93,-5.49,-2.97,7.21,9.01,3.88,1.42,-.05,2.52,6.14,4.02,13.41,80.09,5.67,5.2,13.22,7.96,10.14,4.31,8.06,17.29,19.15,9.33,6.24,6.34,-2.47,1.69,10.66,-.47,.72,3.79,2.69,-6.46,-8.94,11.06
199810,7.13,-3.12,-2.23,.32,-2.25,8.37,38.27,15.76,10.82,17.95,5.18,7.19,18.54,6.87,3.49,6.01,3.61,1.68,14.93,2.96,13,6.71,8.09,4.6,13.6,10.1,11.91,13.92,16.91,9.01,-10.23,9.11,2.96,1.22,-1.77,6.72,2.59,5.08,8.02,-.88,13.12,14.1,8.17,18.8,8.09,3.98,12.4,10.62,10.59,6.77,.32,17.4,3.27
199811,6.1,1.22,-3.25,.31,7.19,4.1,4.95,5.79,9.15,.69,14.87,8.69,1.09,3.36,7.41,5.9,6.14,4.47,5.92,9.72,3.6,5.14,-2.08,-.41,3.99,3.96,4.81,10.12,1.59,-4.78,-8.49,4.01,6.11,.35,1.35,3.68,15.49,4.45,8.9,15.11,13.55,2.07,5.85,9.24,2.99,2.53,11.05,3.65,5.74,5.71,5.47,11.35,-1.69
199812,6.16,-.5,-4.19,.38,-7.2,-1.31,-1.95,-.31,-3.04,-17.45,-.59,9.86,5.4,3.8,1.62,9.53,4.64,-4.58,3.88,5.57,2.78,13.05,-.81,-4,-.14,12,4.21,-6.58,4.11,-15.13,-6.58,.74,22.61,-1.66,2.82,14.35,5.3,7.82,15.99,17.93,13.82,1.1,-.57,2.24,3.79,3.85,10.36,7.16,4.17,1.85,3.47,2.29,4.5
199901,3.5,.76,-4.6,.35,2.43,-3.97,-5.75,-1.65,-12.21,.97,9.18,-.32,-2.09,6.97,-17.04,1.58,.97,-5.21,1.85,-7.65,10.81,4.88,3.8,.23,5.29,2.6,7.38,.58,-3.13,-14.46,-1.54,-3.51,19.16,-6.24,-6.27,8.71,-8.93,3.22,16.14,19.21,11.33,4.05,-3.7,2.5,.86,-.73,3.6,1.41,-.19,-2.6,.75,12.06,-6.81
199902,-4.08,-6.09,1.92,.35,-11.51,-2.82,-10.3,-1.34,-15.97,4.95,4.92,.34,-1.27,1.95,-10.34,-4.67,1.29,1.13,-1.64,-8.39,-7,-7.38,-5.42,-13.34,-2.89,-4.54,-4.83,4.23,-1.48,5.04,-3.1,-.47,6.28,-3.51,-3.77,-2.91,-11.86,-5.82,-13.96,-10.44,-11.28,-4.67,-1.57,-1.86,-1.09,-7.03,-1.03,6.84,-.47,2.98,-8.69,.48,.43
199903,3.45,-3.79,-2.74,.43,28.88,-4.9,-3.61,-1.65,-8.93,2.22,-5.63,3.47,4.95,1.49,-2.18,5.94,2.34,3.49,-5.67,-6.52,5.82,2.97,-2.49,-2.73,2.39,9.21,-1.37,4.6,2.89,.16,-5.26,2.67,29.83,14.81,-1.71,-.69,2.88,3.37,5.8,14.78,5.09,-1.06,.52,6.85,3.04,-2.98,3.7,3.42,1.87,2.4,-2.73,9.65,-1.64
199904,4.33,3.91,2.46,.37,2.6,.24,10.06,5.03,.07,13.3,3.63,5.51,4.23,8.6,20.14,.61,-7.22,22.05,19.27,9.07,.87,15.34,30.67,25.96,16.1,-2.89,10.52,14.99,9.84,13.93,21.69,20.5,22.95,15.57,7.18,8.29,6.42,3.85,4.16,-4.22,8.61,12.18,23.51,2.91,11.74,5.2,-.34,-.1,8.18,1.94,6.26,7.94,18.3
199905,-2.46,3.34,2.35,.34,-1.2,4.2,4.46,-.63,9.96,-4.93,-5.52,-1.58,-3.01,-2.55,2.64,-1.33,-2.36,-5.81,1.2,2.41,-2.19,1.07,-7.39,8.47,-1.98,-2.56,-6.02,-2.03,-1.23,-3.55,-22.14,-5.25,-12.25,-2.68,6.73,1.04,-2.08,-2.8,1.94,-2.16,-2.02,1.29,-4.1,-2.75,-4.86,2.85,-3.43,-6.94,-6.11,.79,2.68,-2.59,.97
199906,4.77,3.09,-3.19,.4,2.7,1.63,-13.12,-4.31,4.86,-1.36,6.53,4.23,1.33,1.59,-3.94,4.61,4.9,2.51,4.11,3.56,-6.24,-6.36,8.84,12.13,9.32,10.54,-1.27,6.83,7.34,-6.44,7.41,9.31,-23.06,-.5,-4.29,5.84,4.49,6.27,10.49,9.7,16.78,10.54,1.96,13.48,.95,5.47,8.93,3.52,4.52,.04,1.32,2.19,7.21
199907,-3.49,2.6,-.44,.38,-2.84,-4.29,-.19,.26,-6.88,-6.63,-6.31,-.55,-1.06,-9.78,-7.97,.24,-4.92,-.01,-4.16,-3.77,-.37,-5.4,-1.15,-7.26,-1.48,-2.9,-7.23,.15,-1.37,-4.76,-6.91,-9.48,-10.65,2.04,-.48,-1.61,-8.47,-4.21,1.46,-6.71,3.79,-.68,1.1,-6.87,-2.3,-.74,-6.21,-2.59,-5.62,-2.47,-4.21,-11.6,-23.92
199908,-1.38,-.94,-1.87,.39,-2.61,-1.88,-6.69,-3.85,.55,-7.86,-1.34,-9.68,2.62,-11.1,-3.96,-.58,4.7,-5.79,-7.61,-8.5,-1.86,-7.8,-.43,-9.14,-1.71,2.31,4.28,-1.88,-6.91,2.1,6.36,-2.01,11.45,1.53,.55,-7.58,-11.09,-3.45,7.93,2.78,9.1,.28,-3.61,-7.04,-8.24,-4.85,-6.28,-4.1,-5.06,-5.46,-8.42,-5.86,-12.05
199909,-2.79,3.41,-3.5,.39,.75,-4.09,-16.56,-14.94,-6.91,-6.56,-2.82,1.68,-9.76,5.27,-9.36,-8.63,-6.78,-5.44,-3.83,-13.57,-11.58,-1.96,-2.54,-2.7,-1.24,4.75,-6.75,-6.56,-1.27,-9.52,23.67,-2.22,-11.02,-3.62,-4.37,4.43,-6.02,3.4,-1.87,3.14,-3.92,.9,-3.09,-8.97,-6.39,-5.17,2.77,1.76,-3.58,-10.45,.12,-4.09,-6.36
199910,6.12,-6.64,-3.37,.39,-3.59,9.02,8.12,16.41,-24.93,-11.37,2.93,11.13,11.53,.37,3.32,-3.53,13.02,2.22,-5.78,2.56,1.62,-6.24,.79,-10.61,2.67,12.44,2.8,.81,-7.89,-30.08,-13.18,.28,24.43,-2.42,2.24,9.5,-4.25,2.92,.86,2.76,6.6,-2.4,4.79,2.04,7.65,-7.01,6.3,-4.49,15.05,12.9,-4.94,11.56,-1.12
199911,3.37,7.2,-6.11,.36,-9.91,-6.28,-11.75,8.85,3.52,7.73,6.21,-8.43,.12,-10.26,11.13,6.7,.55,-.7,3.04,2.15,2.79,2.5,7.24,-4.73,.09,-3.46,-3.03,-4.38,-4.2,.08,3.55,.31,-1.47,3.94,-7.39,4.34,.3,5.26,18.14,11.75,11.73,6.37,-.29,-1.98,-5.24,4.96,4.13,4.78,-5.67,-3.18,1.19,5.05,-3.46
199912,7.72,7.02,-8.32,.44,-4.64,-5.75,-4.81,-8.83,-10.15,-2.16,8.23,13.2,4.17,4,6.18,-1.06,-6.67,6.62,4.01,2.54,3.76,4.41,22.02,2.86,11.45,17.52,2.91,3.83,-1.07,6.65,-1.27,11.13,19.73,-.31,-2.24,4.18,2.11,18.25,18.47,25.3,16.79,18.64,6.95,3.74,-.3,7.02,8.24,-7.28,-5.2,1.77,.73,11.11,12.15
200001,-4.74,5.79,-1.91,.41,-4.5,-10.33,19.7,-2.28,-8.62,-13.81,3.76,-.62,-6.51,-11.5,-.2,8.86,7.73,-9.33,-8.76,-7.65,-11.35,-7.62,-2.77,-1.82,-.46,-12.52,-.59,-9.19,-10.73,-12.51,-15.66,-1.21,40.52,-1.39,6.06,-3.98,-8.57,-7.61,-2.9,-10.05,1.02,9.23,-8.42,-13.15,-9.56,7.59,-14.51,-7.39,-2.55,-7.27,-.69,-6.8,.04
200002,2.45,21.42,-9.7,.43,8.16,-7.08,-8.28,-11.64,-4.01,.42,-2.31,-.61,-11.57,-12.73,-19.12,6.58,-3.44,-7.25,6.11,-5.84,-7.77,1.53,6.84,.13,8.98,-.81,-8.21,-7.1,-5.82,-5.99,6.26,-7.61,-3.45,-5.85,-7.26,-3.47,-9.76,1.97,22.49,9.68,27.27,20.92,-11.31,-12.6,-5.35,1.76,-3.93,-12.03,-11.3,-12.76,2.27,6.55,-2.15
200003,5.2,-17.23,8.17,.47,4.26,10.76,-.29,.13,5.11,7.69,10.7,13.12,-14.26,25.38,21.04,.86,-.53,12.16,-5.85,5.3,11.75,14.89,3.49,7.64,5.56,16.98,9.64,9.79,12.84,12.32,-1.69,6.63,-7.24,13.74,5.77,7.52,8.86,-.15,6.37,2.49,4.23,1.33,8.15,12.43,12.87,7.03,14.38,15.98,15.04,22.87,3.28,14.71,-2
200004,-6.4,-6.68,7.26,.46,-7.61,-4.08,-.8,3.68,3.79,.27,2.35,-7.54,4.29,4.3,8.98,1.09,5.73,-3.72,1.69,6.45,1.38,1.11,-.84,-4.55,5.31,.56,11.81,4.44,13.34,18.86,2.17,-7.8,-15.33,-.94,7.6,-7.87,-.3,-4.79,-6.37,-18.88,-5.64,-3.72,-.61,-8.21,3.48,-2.6,-5.6,3.82,-2.85,-.4,-3.71,-11.14,9.24
200005,-4.42,-6.09,4.81,.5,-2.47,18.06,-7.24,11.87,19.51,1.15,1.26,-6.34,2.79,-5.04,-5.98,-.99,5.11,-.1,-4.97,-3.23,-7.69,-4.1,-4.92,-8.29,-10.34,.4,-15.39,-.82,.69,-.02,1.37,.99,-12.62,10.98,3.9,-10.43,-6.38,-2.8,-14.65,-10.05,-9.55,-8.44,-1.34,-2.34,-3.63,1.3,-3.04,-4.21,7.95,7.31,-2.71,-6.81,10.45
200006,4.64,12.85,-8.43,.4,-.94,2.49,1.06,6.05,2.96,-1.68,.29,-.03,-2.53,-6.77,10.45,.77,13.14,-6.49,2.97,-9.9,-1.77,-.6,15.33,-1.54,1.26,.68,-12.14,-10.53,-8.57,-4.25,-2.73,-6.53,14.8,-6.36,-4.76,4.19,.04,3.21,18.13,13.52,9.66,10.69,-5.64,-3.18,-1.95,-2.07,-2.14,-3.76,-9.88,-2.46,-1.06,14.51,2.3
200007,-2.51,-3.06,8.3,.48,-3.09,-1.59,13.2,6.57,-4.47,-10.03,-.7,-1.12,-2.64,5.98,11.5,1.28,-7.89,-.04,.83,4.83,-3.04,-2.02,-6,6.75,-6.12,-.26,4.6,6.93,7.65,11.96,-18.96,-.14,11.38,-2.58,4.43,-7.36,4.61,-2.08,.65,-8.93,-5.3,-12.94,4.92,-.02,6.6,4.02,-2.09,-1.96,8.4,10.33,3.05,8.3,-1.64
200008,7.03,-.62,-1.38,.5,-1.94,-2.71,-2.22,-10.84,19.12,2.11,5.93,2.52,3.5,2.53,6.75,6.78,2.9,1.87,.67,-3.68,3.44,14.9,24.57,19.29,8.82,6.93,4.97,10.26,10,1.43,3.86,5.54,17.76,8.71,11.73,-1.04,10.95,2.05,13.47,12.05,12.2,19.12,2.06,1.58,-3.57,10.37,-5.26,-.69,10.21,4.26,.07,19.35,13.65
200009,-5.45,-1.82,7.17,.51,4.87,5.84,-9.71,5.46,.87,.06,-8.75,-.49,-1.75,-1.23,10.57,-1.54,4.17,-4.77,-10.7,5.55,-3.85,-2.4,-12.11,-12.34,-16.29,-10.73,-5.02,8.29,.93,15.14,-7.81,-5.23,-13.72,4.61,9.63,-4.02,-1.88,-2.32,-12.38,-9.95,-24.18,-9.03,-5.27,-11.92,-1.31,4.1,2.55,1.58,3.79,6.94,-1.36,-7.44,-1.24
200010,-2.76,-3.87,5.7,.56,-10.98,6.19,13.14,8.99,22.87,6.62,-5.79,-1.3,9.98,4.27,6.24,-1.17,2.96,4.9,-13.26,-3.06,6.69,4.4,-12.04,-3.55,-4.5,-10.54,2.19,14.33,12.82,8.46,-20.35,2.21,7.16,-2.91,-2.25,-.35,-4.02,.58,-5.63,-8.37,-7.59,-5.66,11.49,.7,7.69,-3.21,-1.73,4.32,-1.09,4.87,.18,-5.77,-5.31
200011,-10.72,-3.43,12.32,.51,-1.7,3.91,15.29,4.2,4.15,-6.38,-14.88,-5.65,.16,4.07,5.13,-.41,.73,-.84,.21,-.46,-3.42,1.08,-15.66,-3.5,-9.87,-9.48,-13.21,-1.58,6.16,-3.93,16.47,.04,9.24,-2.55,3.1,-15.59,-4.58,-6.05,-24.36,-22.32,-26.27,-13.97,.89,-14.48,.85,-6.62,-.7,5.12,-3.55,-1.1,1.65,-19.03,-8.37
200012,1.19,.72,7.61,.5,12.14,6.12,-4.81,-2.57,17.02,2.35,4.64,10.12,3.15,15.85,11.95,5.42,2.78,12.2,13.96,6.56,12.31,11.62,1.87,-8.68,9.53,6.21,1.48,-.21,2.21,.79,1.99,6.68,44.04,7.49,6.58,-4.23,11.99,-.07,-14.03,-8.49,-4.34,12.52,10.89,18.56,2.23,12.93,4.31,2.39,9.97,6.71,3.69,17.07,-1.25
200101,3.13,6.69,-5.09,.54,6.15,-4.9,2.24,-4.75,.1,9.94,16.98,2.82,-3.97,3.64,-13.69,-4.35,-9.3,-4.13,12.05,13.61,-2.42,3.4,5.92,10.78,11.09,3.32,14.89,-5.49,-6.82,2.54,-1.36,2.83,-2.48,-3.4,-10.77,14.27,6.88,3.37,10.43,22.2,18.22,3.61,-4.86,7.09,5.66,-1.88,9.95,-3.76,1.95,-10.42,4.51,8.83,-3.85
200102,-10.05,-.79,12.48,.38,-5.75,1.09,7.22,-6.25,9.48,5.03,-4.86,-.23,-1.08,-11.7,6.19,0,-.95,-1.03,-1.69,-1.56,.92,-.65,-23.39,-6.85,-9.28,-14.26,-.78,4.17,-2.73,8.92,10.49,-.36,23.09,-.06,6.24,-9.95,1.82,-5.04,-33.5,-18.6,-32.24,-20.11,2.98,-5.51,-6.67,-4.68,-6.21,-.04,-4.56,-.71,1.81,-15.3,1.25
200103,-7.26,.24,6.42,.42,2.67,-2.76,-13.25,-9.39,-.11,-.82,-9.43,-6.57,-8.86,-1.2,-5.73,-5.95,-8.99,-4.91,1.21,-4.12,-3.6,4.99,-8.41,2.56,-1.98,-11.88,-2.28,-9.45,-7.83,-4.09,-5.22,-1.3,18.9,-.23,1.64,-5.86,-4.37,-10.02,-17.68,-14.11,-9.3,-17.95,-6.18,-3.47,-1.14,-5.6,-2.03,-5.01,-1.74,-1.04,-1.52,-12.94,-8.01
200104,7.94,.55,-4.68,.39,-1.78,-2.01,2.31,-2.2,5.59,-.13,16.11,5.06,1.77,6.86,4.23,.04,4.57,6.41,4.56,5.63,1.4,7.51,13.33,-1.88,14.96,10.75,7.17,11.44,22.05,-.32,14.88,3.82,8.44,10.07,5.46,2.67,3.85,7.88,11.76,21.5,18.77,18.08,5.53,7.01,3.11,8.17,4.98,6.84,2.76,2.74,3.85,12.84,13.44
200105,.72,2.49,3.38,.32,8.22,2.64,-.2,4.71,2.27,9.77,10.1,2.98,5.38,3.66,1.93,2.64,3.15,2.59,-.86,2.26,3.41,-2.21,.24,-1.72,-.07,3.97,-4.28,2.63,.79,7.95,9.35,11.13,-13.58,.19,.01,-1.32,10.57,4.32,-3.7,.3,-9.42,-1.78,1.59,4.38,4.6,-.75,1.64,4.19,4.46,2.34,4.6,3.61,1.16
200106,-1.94,6.24,-1.13,.28,3.5,-.7,-5.31,-4.94,-.57,2.62,-2.21,.69,.85,-2.45,14.93,2.65,-4.88,-2.39,.95,3.78,.76,-2.03,-7.02,7.59,-4.66,-7.86,4.3,-15.5,-.03,-2.96,1.32,-6.53,-16.55,-7.46,-6.22,-3.07,8.56,-1.68,-2.29,5.01,-.51,-4.77,-4.69,-.79,-3.11,-2.09,-2.5,-3.78,.82,2.1,3.39,-2.25,-.72
200107,-2.13,-4.19,5.21,.3,-.12,3.67,-.97,.8,-9.19,-3.14,-7.82,-.47,4.34,.59,2.31,1.44,2.45,-3.37,-7.05,8.86,-.1,-.42,-2.16,-2.61,-2.49,-4.76,3.75,3.24,4.26,6.93,-.78,-8.68,-15.65,-2.14,-3.8,-.73,3.54,-3.4,-8.19,-11.35,-1.52,-4.14,5.48,6.42,-.18,.32,5.41,3.89,.84,-2.13,-.06,-4.5,-9.6
200108,-6.46,2.48,2.3,.31,5.94,3.12,4.29,6.1,4.66,1.51,.43,-4.57,1.02,-3.46,-1.96,-1.52,-3.41,-.99,3.4,-2.56,2.24,-4.89,-6.14,-5.87,-5.31,-2.64,-14.21,-6.29,-1.33,1.08,8.8,-.86,7.31,-3.55,.68,-9.26,-2.84,-4.64,-16.46,-15.06,-8.36,-5.77,-1.73,-.87,-4.33,-4.56,-8.37,1.18,-6.04,-3.83,.16,-7.45,-5.69
200109,-9.25,-6.23,1.45,.28,-8.81,.55,1.39,-3.22,2.92,-17.48,-15.89,-8.03,-5.22,-16.91,-1.23,-1.41,-.41,-9.59,-8.44,-17.8,-12.46,-18.35,-22,-17.86,-19.83,-13.43,-17.8,-29.62,8.32,10.36,13.31,-11.25,-15.78,-5.53,-6.1,-2.46,-6.7,-12.28,-25,-13.63,-25.07,-17.91,-8.38,-12.41,-14.96,-8.82,-9.8,-13.4,-6.09,-.72,-6.87,-14.95,-12.13
200110,2.46,7.49,-7.66,.22,-1.27,.99,6.52,1.34,-2.82,14.71,5.07,.24,1.16,7.58,-7.25,-1.37,2.16,3.42,10.94,5.58,4.88,8.82,2.42,4.13,10.8,2.62,-2.31,6.67,-4.91,10.52,-5.6,-3.32,29.31,4.45,1.36,-9.42,-2.8,6,25.16,12.4,17.53,12.06,.57,6.73,3.24,-7.06,3.41,2.86,-1.61,-3.52,1.41,4.26,-1.79
200111,7.54,-.47,2.22,.17,6.34,.81,-4.23,.01,1.19,5.12,13.14,9.34,6.01,9.65,1.76,8.93,4.76,10.96,-.76,7.08,6.97,6.93,15.73,5.22,7.83,9.99,17.84,9.57,1.55,-4.62,-7.31,12.32,-14.33,-3.99,-1.32,6.03,6.51,9.18,23.57,12.09,19.69,11.1,9.58,8.17,11.63,-3.62,13.05,5.89,6.24,6.44,5.06,12.93,6.56
200112,1.6,4.73,.85,.15,5.8,2.27,7.43,1.62,-1.72,.6,6.47,3.6,1.72,7.18,1.7,4.66,-4.21,-1.01,6.41,12.67,6.32,13.91,-2.61,4.14,6.55,5.31,-4.07,6.88,-2.79,.58,-2.41,5.99,9.95,5.88,4.24,2.75,6.07,6.59,-6.91,2.69,-4.02,6.57,2.03,8.22,1.58,.84,4.98,4.12,3.35,.62,7.82,5.21,4.54
200201,-1.44,1.19,3.44,.14,-.86,3.15,-8.46,-3.76,8.45,6.05,3.47,.58,2.61,5.43,1.01,-1.51,-2.72,-1.3,.4,3.57,1.67,-1.45,-.21,-5.56,2.27,1.14,3.19,4.38,11.33,12.7,14.19,-2.61,-9.24,-2.78,-4.03,-7.22,2.57,-2.66,5.7,-4.57,3.33,-4,-.59,8.59,6.66,3.19,2.09,6.29,-.54,-1.68,1.7,-3.95,-7.67
200202,-2.29,-1,2.16,.13,-1.08,1.62,8.11,8.14,5.04,-1.6,3.5,7.62,2.57,-.98,-5.14,-4.78,.49,4.66,7.95,6.59,4.65,4.52,-.02,6.01,3.82,-.6,5.64,9.64,1.15,6.35,11.37,1.52,-.7,5.5,-.38,-2.39,3.48,-.38,-21.03,-9.94,-16.39,-.88,5.03,6.86,1.94,-2.39,.32,-1.32,-1.39,1.74,.97,-5.52,2.26
200203,4.24,4.21,1.06,.13,5.31,.8,6.06,8.3,1.58,8.54,7.86,4.83,4.6,4.93,12.98,3.94,-.9,5.17,9.88,2,1.84,2.43,6.03,12.86,9.8,5.21,7.9,2.97,3.86,3.4,15.17,5.41,14.67,7.58,9.98,.33,1.92,8.57,9.45,2.69,10,7.61,1.2,11.13,3.14,5.41,1.54,5.43,7.99,1.63,2.32,9.79,-1.17
200204,-5.2,5.96,3.88,.15,6.2,1.82,7.16,5.03,3.29,2.28,5.42,-2.43,.16,1.47,8.43,-2.87,-9.53,-5.07,.56,8.69,2.59,6.2,-7.07,4.87,-2.63,-1.25,1.52,-4.56,3.62,8.63,4.28,-1.26,-7.14,-4.6,.1,-12.7,-1.56,-5.58,-8.42,-15.96,-7.9,-10.41,2.52,.54,-4.67,-1.18,-2.19,3.98,-.66,2.37,2.84,-11.65,-14.07
200205,-1.38,-3.21,1.53,.14,3.54,1.93,11.42,-.5,4.53,-2.72,-4.52,-.02,-.16,-1.77,-.59,.64,-2.85,1.78,3.01,.78,-.27,-5.52,.28,-8.62,-4.25,2.33,.97,.26,2.19,-1.14,11.25,4.58,5.54,-.8,-5.99,2.98,-.7,-1.86,-.52,-5.11,-3.83,-6.09,.68,-3.33,-.14,-5.64,-1.26,.02,.88,-2.16,-1.4,-1.46,-1.41
200206,-7.21,4.29,-.03,.13,-5.02,-3.15,-3.1,-.27,-22.05,-3.75,-7.65,-4.33,-2.95,-1.75,-4.74,-8.82,-10.21,-1.06,.3,-3.94,-3.58,1.86,-5.27,2.28,-7.64,-7.28,-9.44,-1.54,5.67,9.7,-14.24,-5.65,-6.33,.01,-5.28,-14.39,1.27,-11.95,-11.36,-4.34,-24.42,-9.83,-2.5,-4.65,-.12,-6,-5.14,-4.29,-5.36,-2.78,-2.78,-5.25,-6.01
200207,-8.18,-5.28,-3.85,.15,-7.82,-8.74,-15.44,-7.28,4.07,-10.75,-15.64,-5.34,-2.62,-9.89,-8.11,-5.57,-1.41,-9.27,-15.7,-22.49,-7.86,-18,-20.34,-20.89,-14.1,-8.78,-12.92,-5.15,-22.46,-7.55,-9.04,-10.01,-30.2,-11.6,-12,-11.69,-6.1,-11.68,-6.82,-10.5,-8.97,-14.26,-5.32,-13.01,-5.08,-10.87,-11.96,-9.56,-7.36,-6.47,-7.53,-9.98,7.14
200208,.5,-2.86,3.29,.14,-5.76,-.45,10.91,2.39,8.92,4.35,4.58,3.56,1.7,-2.04,-3.8,1.16,1.02,1.89,7.67,-2.88,-2.82,.78,-4.95,3.33,-.87,-.58,-1.8,-10.88,-2.66,-.13,17.48,-.8,9.82,.53,3.42,.34,3.46,-.06,1.04,2.2,-6.51,-6.3,-1.17,5.37,-2,4.5,1.98,-3.63,3.25,-1.42,2.19,4.49,-4.72
200209,-10.35,2.4,1.47,.14,-2.52,-4.9,-5.88,-5.53,-21.27,-10.74,-3.73,-3.31,-2.58,-5.6,2.21,-2.24,-7.26,-11.14,-10.37,-7.55,-10.58,-7.44,-18.49,-13.17,-9.82,-9.04,-13.49,-11.9,2.92,1.82,-3.94,-10.41,-8.14,-8.16,-10.8,-9.32,-2.86,-10.24,-19.42,-16.18,-17.8,-9.3,-10.72,-4.26,-5.08,-6.37,-9.49,-13.44,-11.02,-9.47,-3.95,-13.92,-16.32
200210,7.84,-3.4,-3.94,.14,-3.26,8.02,12.71,-.4,4.9,1.6,12.54,6.48,3.09,8.97,-14.52,2.58,8.4,5.72,-.7,3.86,3.36,2.65,6.66,-9.29,10.25,5.76,-9.39,.36,-2.12,-10.71,-9.71,-7.09,4.16,3.2,-.63,21.34,-1.01,7.59,16.73,23.97,15.73,8.06,4.13,1.33,2.46,5.31,6.44,-.31,8.06,5.59,-1.1,10.2,2.51
200211,5.96,3.19,-1.21,.12,9.22,-.62,-2.84,-3.06,-6.59,11.73,8.72,-1.34,-2.01,4.77,-10.5,4.5,4.77,9.42,2.22,10.85,5.67,2.92,18.28,9.02,12.1,11.56,17.84,7.87,3.76,-8.89,-4.61,12.78,10.31,2.99,1.57,11.83,-1.8,6.85,20.87,12.18,22.86,16.3,7.39,10.04,4.37,-3.13,2.89,5.78,2.39,2.55,2.85,13.31,7.58
200212,-5.76,.09,2.14,.11,-1.74,1.11,-4.1,-3.2,8.98,-6.56,-14.99,-1.23,-.06,-4.75,-1.58,-.24,-4.87,-4.28,-2.23,-4.64,-1.64,-2.89,-10.4,-3.78,-9.28,-3.74,-9.03,-2.83,-2.67,9.9,24.44,1.1,12.11,.74,3.85,-9.07,1.61,-3.43,-11.91,-10.52,-20.59,-9.25,-5.35,-3.11,-1.21,-2.6,-8.02,-5.3,-3.38,-4.49,1.82,-10.71,-8.61
200301,-2.57,1.35,-.81,.1,-1.67,-6.4,-.08,-5.85,-6.25,1.75,-9.63,1.22,-2.45,-3.89,.55,-.7,-.66,-6.03,-6.75,-3.81,-5.58,2.5,-5.06,.83,-5.85,-4.99,-2.54,-.91,-15.46,-11.5,-1.13,-.25,-14.24,-2.38,-3.24,-3.48,-1.85,-3.93,-.06,-1.37,-1.11,-5.24,-.79,-8.64,-5.17,-2.18,-5.09,-5.87,-.53,-2.37,-2.31,-3.36,-4.44
200302,-1.88,-.45,-1.38,.09,-5.18,-4.97,-8.05,-.83,1.24,2.6,-2.68,-4.57,-2.83,-2.35,-3.57,2.57,-2.62,-4.21,-.58,-4.01,.21,.16,2.28,-2.67,1.96,-.32,-6.33,-8.37,-9.83,-10.14,-6.02,-6.78,14.54,1.81,-3.94,-6.44,-.77,-4.85,3.58,-.59,4.66,-.43,-1.43,-3.8,-3.5,-3.39,-.51,-4.69,-2.1,-5.86,-.63,-1.74,2.74
200303,1.09,1.03,-1.91,.1,4.61,.18,-12.6,1,-19.68,3.67,-.44,-2.19,6.5,6.38,2.18,-1.4,4.88,3.43,1.16,-.9,.32,2.64,-3.26,-3.62,-1.79,-3.59,-3.84,-5.42,-5.73,4.51,-4.75,-1.74,-3.51,1.55,4.3,-.57,5.07,1.94,-2.9,.39,-2.16,-1.05,.63,2.67,3.27,-.5,5.48,5.13,-1.01,1.85,1.86,1.46,5.28
200304,8.22,.66,1.17,.1,-1.05,4.79,7.58,2.2,2.71,4.3,16.72,8.19,3.46,7.16,-7.81,5.3,5.03,9.97,8.55,11.96,5.39,13.45,10.36,9,8.65,10.71,19.07,8.61,11.73,4.94,3.67,8.38,2.27,-.49,7.28,11.17,8.01,7.74,11.58,8.03,10.21,10.53,3.28,2.23,10.49,6.24,9.69,9.09,11.2,10.78,6.14,12.7,14.63
200305,6.05,4.74,.5,.09,11.95,5.39,-1.68,10.2,32.47,2.44,7.51,6.07,2.86,4.24,9.63,6.15,3.1,.84,-.57,4.31,8.02,16.89,13.01,3.63,6.15,6.78,3.72,12.02,7.73,-6.64,9.66,12.63,25.44,8.45,10.1,6.22,4.42,7.42,13.08,5.55,14.6,11.88,2.74,2.13,4.03,6.88,2.5,7.65,5.79,4.28,8.5,8.78,-.6
200306,1.42,1.77,.15,.1,.02,.9,-2.3,.81,10.91,-2.49,6.38,-1.76,-2.52,-.74,-3.81,3.01,4.89,-1.1,1.03,-1.91,-.7,1.8,2.21,-1.5,2.55,-.11,3.25,6.13,8.02,2.59,9.17,3.76,.71,-1.01,.73,1.96,5.08,1.36,1.89,.5,-1.91,2.16,1.03,4.63,.49,4.22,2.78,6.78,.96,-.77,2.1,1.63,.57
200307,2.35,5.05,-1.24,.07,1.9,-1.75,1.22,-1.82,-11.3,3.62,-1.4,-1.46,.91,2.95,10.65,5.49,-.96,7.89,-4.23,13.49,2.24,-2.74,6.9,6.59,10.08,7.53,6.09,3.18,10.55,9.66,12.19,9.8,-12.55,-2.47,-5.19,-1.63,7.48,3.5,6.55,2.47,10.63,7.94,5.18,-.39,.89,-.84,4.33,2.26,3.63,5.63,2.79,7.01,-.24
200308,2.34,2.59,1.54,.07,2.8,.29,7.82,-2.03,2.53,4.19,5.01,.97,1.03,5.62,4.16,-.65,-3.4,1.68,2.5,6.36,5.04,6.98,4.65,4.13,7.68,6.63,8.41,7.85,8.7,-2.15,9.98,7.22,7.5,6.13,1.92,1.36,2.79,3.5,1.06,3.55,14.48,7.3,3.71,3.42,1.32,3.17,7.94,1.07,-.36,-2.62,3.18,1.38,4.08
200309,-1.24,.8,.15,.08,.82,1.99,-3.52,-1.55,8.1,-.57,-3.14,-.09,2.11,-.84,-1.19,-.02,.41,-6.02,-8.21,-2.96,-1.99,3.9,-3.31,-3.19,-7.92,-6.04,-5.02,-6.51,-8.16,-9.38,-1.2,4.83,-2.34,-2.15,3.87,-5.66,0,-2.71,-.17,1.63,-4.11,-4.57,-2.15,-1.67,-.74,.51,-5.82,1.94,1.22,-.63,1.57,.52,.79
200310,6.08,2.69,1.97,.07,11.11,3.24,6.06,5.7,6.14,11.01,3,7.79,4.46,11.59,5.64,3.51,-.23,6.63,6.23,3.29,7.35,16.81,19.24,2.37,12.96,9.87,9.08,11.98,6.38,1.6,12.01,16.79,9.76,1.55,1.55,6.69,3.59,5.02,10.02,2.98,16.18,10.16,8.13,4.58,10.07,4.79,9.86,6.89,7.52,5.02,4.67,9.18,-1.34
200311,1.35,2.07,1.78,.07,6.17,2.97,3.24,2.35,11.59,1.33,5.36,1.86,-.86,3.44,7.25,3.49,.78,2.86,.46,-.78,2.77,6.19,3.54,4.72,3.98,7.42,3.81,.1,-2.47,-.32,11.43,10.71,1.59,.62,.95,-.6,7.77,2.56,1.99,-.08,3.79,3.88,1.1,-.56,-.69,4.43,-.47,3.86,.88,.84,3.82,-.48,.02
200312,4.29,-2.68,1.61,.08,5.15,1.39,5.79,6.63,5.67,-.77,6.94,2.79,2.31,.9,1.17,4.58,6.32,9.56,4.05,1.18,7.22,-.12,10.86,6.95,3.43,5.42,15.52,10.7,12.13,11.74,1.71,8.23,26.48,13.42,5.81,7.35,-3.05,4.49,2.46,4.58,-1.8,3.1,8.9,10.52,1.56,3.34,-3.24,-.36,3.3,6.7,2.64,4.22,8.15
200401,2.15,2.55,2.48,.07,-2.82,.94,5.57,-2.9,2.05,-.11,.31,1.1,2.19,-1.34,4.5,6.33,2.2,-1.95,4.59,1.37,-.77,-4.95,-.16,3.48,-1.63,-.48,-3.35,2.57,1.59,-4.47,-13.81,-5.47,-7.38,.33,1.91,1.43,9.71,1.82,4.9,4.09,4.36,9.24,-3.62,-1.09,-4.07,2.95,-.2,.48,2.64,4.72,6.32,3.86,6.87
200402,1.4,-1.58,.91,.06,2.1,6.15,5.79,2.59,3.82,3.42,.81,1.06,2.99,5.74,-2.95,-.26,1.5,2.68,3.08,10.38,4.82,10.66,6.45,10.49,.31,-2.59,-1.47,-.84,-.02,-3.2,5.26,3.59,7.11,4.51,2.09,-.77,-2.87,-1.03,-4.63,-3.62,-1.14,-3.99,3.27,6.51,.07,2.26,6.75,7.11,2.16,4.21,2.32,2.94,-2.08
200403,-1.32,1.72,.28,.09,4.05,.74,4.01,-.21,-4.03,-3.63,2.27,-.22,1.56,3.33,-3.01,.98,-5.09,-1.68,-4.49,-2.36,2.69,5.08,-4.46,1.61,1.13,-.48,-1.9,-4.98,-3.31,-.69,7.06,-1.28,6.95,-.1,1.18,-2.41,5.59,1.58,.12,-2.91,-4.61,-.83,.64,-.12,-.54,2.18,-.13,.76,-.38,-.63,1.49,-2.16,-5.01
200404,-1.83,-1.68,-3.09,.08,-.21,3.05,4.66,.38,1.91,-5.81,-1.81,.04,2.22,-2.13,1.37,2.77,3.96,-.63,-.44,-3.35,-.48,-11.24,-8.77,-.39,-2.59,-1.77,3.59,1.86,6.03,3.91,-20.87,-15.08,2.92,2.62,-3.52,-.49,.52,.98,-8.92,-1.26,-7.85,-5.79,1.47,-2.34,.21,.91,-3.21,-.83,-5.54,-.78,-6.85,-7.77,-1.83
200405,1.17,-.2,-.24,.06,1.21,-2.49,2.13,2.25,-12.61,2.89,.46,.37,1.52,.04,-.99,-.22,-.37,.62,1.1,-4.65,2.68,1.28,5.78,1.11,2.18,1.07,-2.9,.76,1.67,3.83,6.42,4,6.63,.56,1.25,-2.89,1.24,.48,5.03,2.66,8.76,3.81,.27,4.96,2.18,.16,.71,-3.03,2.54,.9,2.47,.6,3.52
200406,1.86,2.26,1.19,.08,3.55,2.59,4.61,-.22,6.03,3.33,3.53,-2.48,2.27,4.62,3.7,3.12,-1.53,5.43,4.22,3.04,2.43,-.16,9.4,10.79,5.88,6.73,5.3,9.74,4.79,5.75,-2.98,8.09,13.81,5.26,2.03,.6,-4.51,.88,3.81,4.67,-1.19,6.35,5.09,6.71,6.16,2.88,-.34,-.44,.71,.66,3.43,-.23,4.98
200407,-4.06,-3.81,3.23,.1,-4.95,-3.86,-20.21,-10.03,-3.75,-5.5,-6.42,-4.33,-5.24,-5.12,-6.2,-6.94,-5.59,-3.32,-7.29,-1.91,-4.54,-1.87,-.2,-6.64,-6.18,-8.84,-3.65,1.24,-.76,-.29,3.02,1.39,-1.56,3.43,1.05,-1.33,-7.79,-4.49,-7.59,-6.68,-11.89,-11.29,-5.53,-2.92,-4.57,-11.3,-3.41,2.42,-1.18,-2.98,.85,-6.4,1.12
200408,.08,-1.49,1,.11,1.85,.12,.11,1.87,3.19,1.19,-1.69,.26,4.56,.4,.04,-.98,2.41,3.01,1.28,1.02,4.03,3.92,-.27,3.77,-2.53,.51,-3.41,.33,-1.8,.33,9.49,5.31,-5.02,-1.3,3.67,1.3,-4.07,-2.97,-5.6,-2.68,-6.73,-4.77,.16,.1,-.52,-2.44,-.75,-2.59,3.97,1.1,6.64,3.42,-1.12
200409,1.6,3.02,-.01,.11,3,-.39,-4.04,-7.9,-2.48,8.09,3.71,1.25,-2.9,2.85,1.2,6.22,-3.35,4.34,-1.55,3.56,2.96,8.08,7.8,2.6,6.11,2.14,2.11,-.2,5.26,4.61,4.39,8.63,8.64,8.77,1.38,1.34,.95,3.9,1.88,4.64,2.55,3.08,-.32,3.83,3.25,.01,2.87,4.66,-.6,1.42,2.2,1.47,2.54
200410,1.43,.15,-.22,.11,2.45,3.58,6.75,1.08,2.84,-.68,2.92,2.42,-3.47,4.73,-.39,-2.55,-2.53,.47,3.68,6.27,.68,.96,-3.55,4.02,-1.07,2.9,-4.29,-2.9,.73,-1.39,3.71,-8.74,-.45,.65,4.25,3.35,-1.94,2.02,4.51,5.25,6.17,5.79,-3.92,3.43,6.42,2.64,3.37,2.82,2.27,-5.11,3.97,4.81,1.51
200411,4.54,3.74,1.42,.15,.58,3.5,.95,-.69,17.4,6.72,6.96,2.23,4.06,4.12,8.36,1.26,-.13,8.75,8.22,5.17,6.31,7.43,12.82,9.27,7.64,8.19,8.11,6.64,7.44,12.24,-.56,8.56,25.42,6.25,4.89,3.53,11.29,4.77,7.26,6.67,3.69,3.79,5.4,10.54,5.88,8.44,2.36,7.54,2.97,8.09,6.01,5.72,3.98
200412,3.43,-.03,-.22,.16,4.29,5.41,-.68,4.36,7.48,4.7,8.2,1.42,4.15,5.82,4.26,4.77,6.01,2.83,3.86,4.21,2.86,10.77,-1.73,8.35,3.03,4.22,4.96,1.15,-2.76,-6.87,-6.75,1.64,-3.03,-2.27,2.48,4.28,3.03,3.13,4.19,3.2,2.21,3.04,3.53,4.29,3.81,5.89,2.99,5.08,3.56,4.93,13.27,5.53,4.1
200501,-2.76,-1.72,2.06,.16,-2.82,-.2,2.98,-.67,4.36,-2.13,-4.97,-3.36,-1.26,-2.65,2.03,-.07,-5.57,-1.47,-7.9,-3.3,3.21,3.1,-.4,-.97,-5.2,-1.18,-8,-.92,-2.45,.87,-6.47,.84,4.55,2.94,1.78,-4.17,-1.16,-3.29,-4.73,-6.82,-7.53,-4.37,-3.17,-4.12,-7.84,-2.72,-1,.33,-3.07,-.89,2.22,-.49,-1.29
200502,1.89,-.57,1.53,.16,2.85,-1.06,-.32,1.46,3.12,-.25,-1.19,-.03,-.03,1.99,4.51,1.36,2.59,8.27,2.52,.62,-.32,9.17,9.7,-2.94,6.72,2.34,-.33,4.69,1.73,2.03,8.06,14.04,14.13,19.47,2.35,-.29,-2.27,.88,-.79,-2.18,4.1,2.25,1.65,9.73,2.68,3.08,.35,1.24,-1.61,2.63,7.76,-.5,-.94
200503,-1.97,-1.4,2.04,.21,.76,-1.29,-.31,-.99,.31,-6.25,.23,-1.38,-.59,-1.23,6.6,-4.9,.09,-2.04,.4,-6.46,-.97,-7.11,-7.45,-5.1,-3.07,-2.61,-8.53,2.38,1.87,2.58,-5.94,-5.76,-3.52,-3.5,.64,-.12,-.38,-.44,-1.01,-2.75,-3.12,-6.43,-.39,-1.99,-1.78,-1.85,.45,.18,-3.12,-4.37,-4.32,-1.32,1.47
200504,-2.61,-3.93,.06,.21,-1.31,-.16,1.31,2.19,-1.34,-11.5,-3.69,-3.16,-2.83,-7.36,.86,3.05,4.49,-7.45,-4.73,-5.95,-.78,-3.44,-9.76,-.99,-5.53,-7.95,-11.28,-.45,-3.22,-1.02,-10.42,-8.49,-6.14,-5.61,2.14,-1.98,-2.98,-3.69,-6.47,-4.84,-2.27,-5.47,-8.2,-4.93,-5.59,-2.71,-5.74,-5.85,.32,-1.83,-.96,-4.34,-.07
200505,3.65,2.89,-.64,.24,4.73,1.74,3.79,2.41,3.18,3.33,4.48,-.87,1.69,6.66,1.9,.45,1.66,.22,5.83,5.91,2.59,10.23,.22,7.37,5.61,6.9,10.23,5.49,3.84,7.02,-1.43,3.39,10.4,1.93,1.63,1.46,5.19,2.17,10.59,6.11,10.59,8.89,.71,.04,4.93,4.29,6.6,8.08,2.48,5.94,9.2,1.45,1.16
200506,.57,2.59,2.82,.23,-.6,-2.31,2.13,-3.93,-2.34,1.75,-1.26,-.65,-2.53,5.96,3.61,-1.6,-.73,-.95,1.41,1.71,-.47,8.84,-2.95,-2.11,.67,-2.85,2.97,-.2,2.17,-.28,4.86,4.75,7.18,5.7,5.57,.17,4.62,2.79,-1.1,-2.68,-1.2,-1.48,-3.06,-3.4,-3.58,1.54,3.08,-2.42,.97,3.91,6.62,5.9,-3.4
200507,3.92,2.9,-.78,.24,4.52,1.22,4.26,1.66,3.58,3.1,4.16,2.27,3.4,3.01,-4.19,6.36,3.87,4.62,2.6,2.85,8.06,11.04,13.16,-.23,10.69,6.86,7.55,1.76,6.55,-2.18,-3.87,10.34,20.96,5.78,2.96,2.98,1.68,5.29,3.08,5.3,9.26,8.76,5.13,4.71,7.83,5.24,6.06,4.49,.52,3.25,-1.47,4.68,-.27
200508,-1.22,-.98,1.32,.3,-3.96,-1.42,-2.18,.48,4.54,2.77,-1.27,.53,-1.04,-4.02,-.18,.41,-.53,-6.06,-6.13,-2.18,-1.45,-3.76,-.77,-2.34,.9,.31,-4.17,-.05,-.12,0,4.77,1.57,8.75,5.61,1.23,-1.13,-.85,-.23,-2.82,.77,-.62,1.08,-3.55,1.05,-3.54,-1.33,-6.58,-4.82,-1.71,-.89,-3.61,-1.21,-2.44
200509,.49,-.66,.72,.29,1.53,1.49,-8.25,.55,4.74,-3.52,-1.01,-3.64,1.3,-1.42,-1.17,-4.19,-1.45,-1.85,-1.38,-4.56,4.1,.77,3.06,-4.77,-.22,2.41,-6.43,.98,4.59,-2.28,19.35,10.65,9.44,7.2,4.38,-1.51,-6.54,1.12,2.12,.21,1.11,-.39,.69,-5.25,3.08,.01,-2.14,-.29,-1.47,4.3,-1.33,6.8,.82
200510,-2.02,-1.25,.43,.27,-4.46,-3.64,-.98,.58,1.7,-6.99,-2.05,-7.19,-3.28,-2.06,-4.53,-1.44,-3.58,2.34,.38,-4.06,-6.05,-10.9,-4.35,-6.99,-4.57,-4.14,-6.65,-4.8,-2.79,-1.59,-10.05,-3.01,-9.86,-10.18,-6.85,-3.1,.19,-.4,-1.65,1.88,-6.6,-3.5,.85,-.85,2.95,-1.9,2.29,.16,2.87,2.02,-8.66,3.32,.51
200511,3.61,1,-1.18,.31,-3.43,-.31,4.6,1.47,-2.62,6.01,5.65,3,3.06,6,5.39,2.37,1.02,3.39,3.94,5.19,3.39,7.29,12.82,10.46,7.21,6.91,-1,5.65,-.67,1.06,8.62,6.41,.67,1.04,-.21,2.56,3.53,4.5,2.58,5.81,10.8,8.12,7.53,7.65,7.49,4.48,3.78,6.79,4.43,4.79,3.24,4.42,4.99
200512,-.25,-.42,.2,.32,-.27,-.25,-.37,-2.14,4.21,-1.26,-3.01,.6,1.56,.06,-1.49,1.17,3.08,.59,1.86,.87,.05,-.41,3.68,-7.08,.76,-.72,-1.52,3.07,.61,4.38,14.79,2.66,1.41,.44,1.23,-1.58,-3.49,-.07,.26,-2.51,-2.67,-1.64,1.7,-.09,1.1,1.01,-1.09,1.03,.35,.04,-.44,.7,-.76
200601,3.04,5.39,1.08,.35,2.67,1.63,3.4,-.66,-2.45,6.82,4.44,.49,2.76,1.92,.81,3.02,2.06,3.2,3.96,-2.96,7.81,10.26,14.94,10.76,11.36,6.43,5.11,1.49,5.01,6.38,16.55,17.37,15.14,12.48,3.02,3.72,-.25,3.58,4.97,3.19,4.45,5.65,-2.93,.07,4.25,6.95,.66,4.25,.56,-1.12,-.11,9.91,-3.75
200602,-.3,-.38,-.35,.34,.63,1.61,.42,1.95,-.11,1.03,.27,2.11,1.12,.75,.76,-1.97,1.88,-.27,3.19,3.46,2.74,-7.08,-2.95,3.75,-.52,3.14,-2.47,4.85,6,7.01,-12.96,-5.68,-8.53,-8.12,.23,3.31,-.92,1.62,1.95,-4,-.4,2.49,1.13,-.4,1.06,1.61,1.31,2.18,2.02,.49,1.9,2.19,1.46
200603,1.46,3.45,.59,.37,4.67,2.44,6.83,.17,.12,4,3.62,.68,-.38,3.06,-1.18,-1.16,-.89,1.3,3.17,-1.93,4.15,1.93,12.16,2.42,3.12,5.01,2.48,3.75,2.97,3.27,.09,11.34,5.8,3.92,-3.62,1.83,3.82,2.43,2.66,3.15,3.17,2.71,3.38,3.25,4.84,3.99,2.17,2.43,.3,-.3,7.62,3.22,5.56
200604,.73,-1.42,2.34,.36,-1.63,2.33,.68,.89,3.34,-7.6,3.89,-.7,1.44,-1.32,-1.16,-.81,-2.25,2.93,3,1.11,1.24,-1.65,7.68,-.8,6.05,.87,-1.16,5.29,4.42,1.08,11.58,5.32,20.69,4.19,1.85,1.68,1.87,.97,-2.05,-2.4,.98,1.54,7.02,-3.41,.54,-3.16,-1.47,-.24,5.1,-.75,.38,1.13,.1
200605,-3.57,-2.96,2.42,.43,-5.83,3.92,3.38,3.84,-.95,-2.36,-1.39,2.69,-3.97,-5.27,-.08,-4.33,-1.87,-2.23,-3.16,1.32,-7.81,-9.53,-4.59,-7.24,-3.58,-4.29,2.47,-.88,-3.46,-4.13,-11.67,-11.41,-1.64,-3.45,1.51,-.26,-3.75,-4.11,-5.55,-6.78,-9.05,-5.01,-2.32,-3.83,-1.54,-2.19,-1.49,-3.5,-2.69,-3.5,-8.06,-6.9,-.76
200606,-.35,-.39,.85,.4,.19,-1.58,3.03,-.87,2.95,1.21,.58,.18,.73,-.29,.09,-4.35,.78,-1.15,-.98,1.48,-3.37,-3.94,2.93,-2.6,-.85,1.56,1.77,-.63,2,-1.21,1.41,.92,-6.1,3.15,2.4,2.86,-.67,-.15,-2.94,1.17,-3.64,-1.74,-3.32,1.06,4.09,-1.25,.46,1.7,-.69,-.05,1.61,-.04,-2.5
200607,-.78,-3.98,2.62,.4,2.85,1.91,3.42,4.44,9.04,-3.82,-7.35,-.5,.38,-2.84,1.48,4.76,4.43,-4.31,.5,-3.44,-8.41,-6.69,-4.16,-7.81,-5.89,-5.94,-3.72,-3.46,-1.8,9.54,-3.16,-1.48,-12.59,5.76,4.88,2.49,-3.95,-4.93,-3.45,-2.6,-5.93,-2.73,-5.71,1.02,-11.75,-2.05,-4.72,-6.03,2.09,.31,-6,.57,-.99
200608,2.03,1.03,-2.06,.42,10.04,2.55,-3.42,2.25,4.31,3.44,2.27,2.84,6.6,3.91,5.4,1.12,2.26,3.9,4.68,1.4,2.49,1.29,-2.47,-.8,-.72,1.33,3.2,-.93,1.16,3.34,1.29,3.07,-10.43,-2.98,2.32,2.11,-1.14,2.81,12.18,5.33,8.07,3.74,2.28,3.96,-.8,1.58,2.35,2.95,.86,3.74,-6.27,.38,3.79
200609,1.84,-1.36,.08,.41,-1.27,1.35,-1.21,-.13,-6.39,5.1,4.99,.95,1.85,9.01,-1.79,-.12,2.37,2.5,4,1.62,.89,-3.48,.01,-5.47,.28,3.52,3.29,3.61,4.41,4.28,-15.71,-1.62,-15.05,-3.45,-2.11,3.4,2.46,2.28,4.11,4.88,2.24,.94,2.04,2.46,3.84,1.37,6.32,7.06,2.96,2.03,-.35,9.47,3.87
200610,3.23,1.75,-.3,.41,-4.51,1.12,-5.85,.43,5.42,12.78,8.25,6.27,3.21,7.97,-4.23,3.7,1.76,5.77,5.98,.51,4.11,5.83,11.01,19.51,2.75,5.15,3.91,3.24,1.67,.84,5.98,9.93,14.51,5.01,5.34,5.29,-.87,4.84,4.74,7.23,-.85,6.63,4.89,5.48,6.18,4.97,3.18,7.72,1.36,.86,6.54,6.41,.84
200611,1.71,.7,.14,.42,7.96,.52,-.29,-.47,3.42,.88,4.98,1.63,.51,4.53,3.17,2.1,-.59,2.82,3.97,3.36,4.66,7.63,8.73,-2.27,4.35,1.73,.99,4.31,4.96,4.03,4.41,8.74,5.84,8.62,2.99,.79,4.13,2.14,7.63,2.2,1.55,1.16,2.3,5.68,2.4,2.13,-2.22,1.66,0,2.44,3.51,1.58,.96
200612,.87,-1.15,2.73,.4,7.09,.67,2.53,2.43,3.01,-1.22,4.96,1.94,1.24,.19,2.87,2.45,-.62,1.08,1.61,-1.65,2.25,-2.31,-2.71,.36,.08,-.48,1.46,.29,-1.47,1.33,-3.46,-2.48,-12.66,-1.77,.67,4.29,.73,1.66,-.58,-.72,-2.81,1.86,.77,3.23,-2.32,-.37,1.77,2.16,4.26,3.49,2.34,3.11,4.9
200701,1.4,.13,-.69,.44,4.16,.15,3.09,1.65,1.29,1.61,6.43,-1.16,2.14,2.84,.97,5.52,3.24,3.74,-.76,7.97,4.86,1.05,9.71,-2.63,1.38,3.6,6.08,3.99,4.9,5.42,-1.15,11.12,1.53,-1.31,.4,2.79,7.22,2.26,.75,3.5,1.46,1.65,.77,6.3,3.59,4,3.97,1.07,-.2,-.87,11.48,4.1,-2.35
200702,-1.96,1.18,-.13,.38,-2.36,-1.19,-3.38,-2.64,-3.51,2.64,-5.23,-.08,-1.4,1.79,2.94,-2.51,-3.28,2.13,1.6,4.96,1.94,-3.42,2.72,-2.57,2.66,-1.62,.85,-1.63,-1.4,.73,.78,9.73,1.95,-2.23,4.19,-2.64,-.85,-.47,-3.59,-4.3,.69,-.65,1.34,2.32,-.8,.02,-.34,-1.57,-2.79,.16,1.99,-6.22,-2.74
200703,.68,.16,-.96,.43,4.48,2.38,4.46,2.48,4.87,.43,-.12,-2.17,-.87,.71,-.72,.89,-.43,2.05,2.52,-3.55,-4.1,-4.5,6.11,-.18,2.61,-.41,2.49,.55,.18,.07,-5.6,5.11,2.42,6,4.3,2.33,-.88,.24,1.2,1.46,-.99,2.67,1.03,2.6,-.09,2.75,.34,1.17,-1.16,.52,1.48,.65,1.16
200704,3.49,-2.15,-1.46,.44,6.35,3.79,5.16,4.85,2.78,9.3,.92,2.01,3.6,1.72,3.19,3.87,7.79,1.83,3.35,8.45,3.7,4.27,3.38,5.4,6.62,6.13,5.83,6.82,3.77,-.38,-.77,7.58,14.38,4.98,3.94,1.94,3.52,4.3,5,3.96,6.18,2.69,4.98,8.57,2.84,1.41,2.13,2.43,2.89,3.81,3.15,5.92,3.82
200705,3.24,.24,-.65,.41,3.81,.45,4.98,3.41,2.62,-.3,1.81,6.67,-1.03,4.88,2.38,1.06,1.04,5.04,1.67,9.59,5.71,8.27,10.59,11.34,5.74,7.43,3.98,6.8,2.73,3.04,-3.33,9.35,13.29,6.89,1.19,7.13,6.16,6.07,6.26,3.56,2.22,3.26,4.05,5.13,4.62,3.03,1.99,3.8,2.22,3.61,5.1,3.72,2.7
200706,-1.96,.76,-1.07,.4,7.04,-.29,.32,-2.06,-.06,-5,-1.46,-3.02,-3.14,-.3,-.87,-1.46,-4.01,1.93,-4.81,.15,-2.51,-7.58,-3.46,5.49,1.53,-1.35,5.14,-1.52,-2.97,-2.97,-3.01,2.49,-8.55,1.12,-4.79,-1.72,2.09,-1.53,1.56,-1.13,2.86,1.43,-.88,-.48,-1.79,-1.68,-1.74,-4.09,-3.7,-3.14,-6.79,-3.75,1.68
200707,-3.73,-2.6,-3.72,.4,-3.8,-4.75,-1.94,-1.17,-5.12,-7.08,-1.1,-8.05,-.3,-4.59,-5.8,-1.93,-4.35,-.71,-6.72,-3.77,-4.43,-7.29,-2.67,-3.78,1.37,-.03,-7.82,4.07,-.93,4.37,6.36,6.16,-13.81,-.77,-3.81,-3.1,-6.8,-4.88,2.7,-2.23,-1.97,-.18,-2.38,-1.88,-.98,-4.81,-5.62,-2,-7.37,-7.69,-9.63,-7.93,.19
200708,.92,-.13,-1.86,.42,7.39,1.76,5.38,3.46,4.25,-4.35,4.19,-5.82,2.3,-3.02,-.09,2.47,2.36,2.43,-1.37,-2.57,-1.11,-3.63,-2.64,-.96,1.27,1.22,-1.53,-1.25,-1.78,1.26,-.32,-4.46,-1.05,.33,2.01,-.87,.66,-.67,5.85,1.85,2.25,1.72,-.34,.32,-2.1,1.81,1.13,2.61,2.74,1.95,-4.44,-2.62,.96
200709,3.22,-2.22,-2.23,.32,20.59,2.12,7.85,6.8,.96,-4.76,11.88,-1.48,5.61,2.32,3.4,4.9,3.23,5.15,2.35,-5.26,-.23,-2.61,8.56,-3.59,4.8,4.75,6.02,7.52,4.76,8.6,7.57,13.56,13.63,7.7,3.51,2.12,3.42,.14,4,5.18,3.26,5.36,1.84,.31,.12,1.12,-1.93,2.98,.18,2.79,0,6.3,6.65
200710,1.8,.13,-3.05,.32,13.56,-2.04,11.28,4.15,4.64,-2.92,.18,.35,1.31,-.89,-1.76,-1.79,2.59,3.37,3.56,5.49,2.63,7.06,2.52,5.25,-1.26,-.36,.53,-2.14,6.2,.51,12.77,9.69,19.18,2.4,6.74,-2.13,8.83,3.24,7.21,11.39,1.19,3.39,.54,3.13,2.14,2.65,-.29,4.96,-3.6,-2.05,-.83,6.53,.44
200711,-4.83,-2.92,-.95,.34,.91,1.38,-7.52,2.11,6.58,-7.47,-8.48,-7.18,3.54,-7.55,-.12,-.72,.21,-4.64,-6.95,-5.97,-6.81,-11.86,-5.93,-5.19,-2.66,3.78,-13.46,-3.56,-5.37,.78,-1.28,-13.26,3.92,-4.58,-.58,-6.56,-7.63,-6.59,-10.68,-7.42,-5.41,-2.86,-6.18,-3.19,-3.7,-7.34,-2.78,-5.11,-8.23,-1.06,-11.83,-8.11,-5.56
200712,-.87,.12,-.54,.27,11.64,-.23,-1.83,-1.02,-1.98,-4.76,-4.08,-2.52,-1.26,-6.99,-.7,.77,-5.37,4.17,-1.78,-6.1,-3.09,2.98,1.12,2.49,3.2,.56,-2.74,.91,.18,-4.84,-1.42,-1.95,13.81,7.45,.93,-.38,-6.32,-1.38,.06,2.73,1.07,-.11,-.67,3.8,-3.39,-.54,-3.12,-4.45,-7.63,.22,-8.15,-1.15,-2.02
200801,-6.36,-1.04,3.98,.21,-.5,-7.76,-13.52,-7.88,-.3,-4.2,-10.08,-6.89,-8.46,-.37,-6.69,-3.41,-4.68,-5.7,-4.49,1.24,-3.08,-1.26,-10.97,-10.88,-9.83,-10.84,-4.49,-7.01,-3.4,1.31,9.37,-9.06,-3.17,-9.28,-6.94,-7.81,-1.01,-7.52,-16.99,-10.5,-12.51,-11.43,-4.6,-2,2.46,-4.17,1.73,-6.33,3.95,-6.21,-.61,-5.73,-4.71
200802,-3.09,-.43,-.84,.13,2.83,3.09,2.87,1.12,-2.86,-8.02,-5.62,-9.46,.07,-4.2,-3.61,.6,-1.11,4.31,-3.91,-1.73,-7.77,-3.62,6.73,8.71,3.18,-1.11,-6.92,-2.36,-2.6,-3.83,-3.54,14.44,8.68,6.75,-3.06,-3.68,-13.29,-1.19,-.65,-6.59,-3.33,1.46,-4.18,.96,-3.83,-2.18,-6.14,-.47,-12.08,-8.03,-5.89,-12.02,-3.84
200803,-.93,.71,.3,.17,-3.76,2.33,-2,3.75,.01,3.51,-2.66,-5.85,3.57,3.77,-4.55,-.96,-1.83,-1.56,2.97,-.89,3.98,.67,-.46,-.06,-.39,.39,-3.93,-4.38,1.2,-3.72,-10.71,-6.45,-7.66,-2.81,.84,-.2,-6.72,-2.38,.4,.9,.57,-.07,-1.06,2.24,3.07,-2.06,2.56,2.96,-1.52,-6.25,.07,-6.24,7.81
200804,4.6,-1.65,-1.04,.18,2.71,3.94,-3.22,-2.71,-9.57,5.57,-1.71,2.06,-3.45,2.38,6.6,1.66,-.26,9.47,-1.16,7.96,3.86,4,7.37,15.53,9.28,2.48,14.11,8.99,8.77,6.23,-3.85,12.48,21.08,10.36,6.31,4.64,14.02,3.7,7.21,7.3,7.19,3.31,-1.76,4.55,5.65,1.31,5.9,4.69,5.75,3.76,-.16,8.72,-8.69
200805,1.86,3,-1.49,.18,10.92,.89,-7.91,1.44,10.32,3.92,-1.21,.3,.13,3.73,.12,.01,2.14,3.33,.86,-2.24,3.71,4.78,8.51,3.84,5.87,11.27,-3.1,-.65,3.6,2.93,6.26,4.21,23.56,3.48,3.54,4.86,.48,2.95,6.32,5.13,5.97,5.87,1.67,5.42,3.61,7.02,.19,-1.29,-6.12,-1.17,.71,-3.3,-3.03
200806,-8.44,1.2,-2.67,.17,-1.66,-9.52,-13.54,-5.01,-6.61,-10.07,-20.75,-11.68,-7.9,-12.48,-7.8,-1.44,-3.08,-4.6,-12.29,-15.09,-13.79,-9.21,-7.28,1.37,-6.46,-12.18,-22.8,-17.97,-9.24,-9.78,8.73,-2.54,21.14,1.91,-.52,-10.95,-9.44,-6.83,-10.59,-7.96,-10.3,-4.37,-12.79,-15.59,-10.02,-7.24,-8.18,-10.01,-20.79,-14.44,-15.9,-13.18,-11.4
200807,-.77,2.61,5.42,.15,-4.88,6.11,-1.27,2.62,1.92,10.03,-2.19,-4.49,7.78,-3.71,3.75,4.1,7.51,-.63,5.09,-10.32,-.48,-2.74,-11.47,2.38,-5.13,-.32,-3.62,-.16,7.46,5.07,-7.27,-14.87,-23.03,-15.17,-7.14,-2.95,9.09,.12,-.96,-2.71,1.17,2.65,4.42,3.31,5.11,1.29,.77,1.62,11.07,2.28,-6.3,2.92,2.93
200808,1.53,3.6,1.59,.13,-3.62,-.46,7.65,1.19,3.31,-3.84,5.73,3.47,6,8.87,5.31,3.34,1.28,-2.72,7.24,14.34,4.54,3.91,-6.83,-.82,.38,-1.47,.15,3.75,2.83,11.58,-9.6,-4.77,-6.25,.28,-.44,3.9,2.51,3.82,4.19,1.59,2.21,.98,2.79,4.15,1.64,3.18,6.16,3.89,-.11,1.74,6,-3.03,-.15
200809,-9.24,-1.23,5.92,.15,-12.94,-1.33,.76,1.87,-5.26,-4.89,-16.42,-13.23,-.42,-.48,-6.51,-7.05,-5.69,-18.44,-9.44,-5.44,-7.98,-14.88,-31.03,-18.98,-20.93,-15.63,-10.72,-13.92,-19.57,-6.21,-14.66,-28.46,-37.96,-10.81,-11.97,-12.77,-8.25,-9.99,-15.49,-8.56,-17.44,-11.4,-3.85,-16.73,-9.13,-10.14,-5.2,-4.72,3.12,-12.13,-6.98,-13.65,-8.28
200810,-17.23,-2.6,-2.3,.08,-10.99,-9.51,-22.38,-14.68,-5.34,-23.32,-31.52,-25.19,-13.67,-21.61,-19.34,-19.11,-8.77,-20.98,-19.01,-28.33,-31.81,-26.16,-32.91,-24.31,-29.75,-24.7,-36.42,-14.41,-20.97,-21.69,-33.53,-34.75,-29.35,-16.13,-11.11,-16.22,-7.05,-23.95,-17.04,-17.68,-17.36,-23.05,-18.23,-19.56,-12.05,-21.01,-14.56,-12.5,-15.18,-26.78,-37.51,-26.12,-21.46
200811,-7.86,-2.85,-6.31,.03,-10.71,-7.34,-14.56,3.8,-10.59,-11.89,-24.02,-10.87,-2.7,-13.63,-13.53,-19.21,-4.85,-16.38,-5.13,-27.63,-2.14,-4.05,-12.14,-14.22,-8.06,-.47,-6.23,-11.91,-13.53,-8.36,26.17,-4.99,-29.14,1.06,1.23,-2.31,-2.68,-4.22,-9.62,-11.37,-14.32,-8.91,-4.41,-6.78,-8.92,-11.52,-7.59,-6.36,-17.04,-5.72,-28.23,-14.41,-11.26
200812,1.74,3.46,.15,0,-9.69,2.51,18.02,-1.68,-.63,12.19,7.94,-3.39,-2.03,3.02,7.38,6.37,6.77,-2.37,-.3,12.45,1.17,8.36,15.97,-4.55,3.4,5.61,-3.02,7.54,10.6,8.97,21.85,11.2,-4.28,-2.33,-2.06,3.56,3.15,3.13,-1.24,2.82,5.65,-2.57,-8.31,11.92,-2.1,6.59,3.53,11.11,-4.24,12.79,10.25,4.43,-2.09
200901,-8.12,.08,-11.29,0,7.18,-.21,-7.42,-7.41,-1.23,-14.36,-12.75,-10.5,-10.84,-11.73,-3.49,2.93,-2.93,-6.56,-14.9,-25.12,-15.92,-11.69,-16.85,-5.76,-10.07,-12.03,-9.96,-4.31,-4.54,-2.85,-2.51,-11.66,2.17,-3.64,-.82,-9.96,.01,-7.5,-3.25,-2.69,-3.53,-.55,-9.93,-9.89,-16.09,-1.4,-8.68,-7.72,-27.23,-14.68,-7.2,-10.17,-19.81
200902,-10.1,.05,-6.95,.01,-.53,-11.03,-3.2,-4.73,-7.82,-14.14,-15.74,-13.19,-11.15,-8.77,-9.99,-12.65,-9.47,-8.24,-20.83,-28.63,-17.17,-12.23,-19.29,-13.92,-13.03,-15.32,-10.16,-18,-21.98,-20.83,4.18,-.37,-4.96,-12.6,-12.59,-7.05,-11.01,-7.6,-7.46,-2.62,-6.29,-8.64,-14.42,-4.06,-11.41,-8.78,-1.24,-7.48,-14.99,-19.81,-24.68,-3.52,-22.34
200903,8.95,.04,3.48,.02,8.88,1.02,14.89,7,6.78,5.28,9.02,8.09,.62,15.61,1.9,4.42,7.8,16.3,5.88,29.53,10.33,15.07,12.28,4.76,11.85,7.58,12.07,6.6,-3.36,8.23,8.53,19.06,.25,4.01,2.78,7.63,4.29,9.29,14.08,9.6,13.94,6.8,7.94,6.55,9.03,4.16,11.31,9.06,14.52,10.83,.87,19.53,11.6
200904,10.18,5.39,5.36,.01,3.12,3.47,28.49,-1.45,2.12,22.78,39.31,30.74,8.87,21.29,15.66,6.4,-3.1,19.06,31.95,58.93,34.41,14.76,26.25,30.38,19.69,22.88,49.57,15.23,28.37,13.97,-8.46,9.78,15.22,4.22,2.08,10.34,-5.03,11.88,17.45,10.8,12.43,9.56,23.11,12.16,14.18,15.23,9.41,9.13,19.72,13.43,66.02,14.74,21.01
200905,5.21,-2.52,.27,0,-2.98,7.63,.94,9.45,9.53,2.8,8.59,-.48,4.63,3.15,4.03,5.7,6.49,6.93,2.47,-6.65,-3.87,-.04,9.56,.43,4.15,-1.52,-3.44,9.36,7.27,6.84,21.32,16.31,35.1,9.75,4.64,1.51,-.92,.53,.46,4.21,3.26,3.45,3.23,6.54,2.55,4.76,-2.94,5.76,9.93,8.14,0,11.72,7.31
200906,.43,2.63,-2.73,.01,-8.06,2.6,-1.33,1.63,-.07,-2.36,-4.51,-1.49,.69,-3.5,3.61,4.56,3.33,-6.73,.17,-7.78,-3.23,-.16,3.41,1.28,-2.44,1.45,5.26,-3.66,-2.81,-3.48,-16.49,-5.16,-12.06,-4.45,4.64,1.53,14.26,1.91,6.22,4.39,2.82,5.26,4.12,2.69,.29,-.65,-.04,-3.13,-3.33,-1.36,1.07,1.46,-7.55
200907,7.72,1.87,4.84,.01,12.11,7.3,6.86,3.71,7.45,10.99,14.91,16.39,10.23,12.03,6.68,2.34,6.08,16.72,19.03,35.85,17.61,10.89,3.19,6.48,15.07,12.65,15.54,5.34,13.55,-6.48,2.05,17.37,15.69,5.01,4.39,5.52,1.11,6.32,12.85,5.49,9.05,6.56,15.94,11.79,10.95,9.05,7.24,2.3,8.52,9.44,9.71,7.12,11.75
200908,3.33,-1.08,7.63,.01,-.17,.19,6.1,-.72,.3,5.07,10.61,7.19,-.82,3.16,2.89,5.29,1.56,1.79,7.01,1.71,6.22,6.29,3.51,5.89,1.64,2.26,2.18,11.06,12.68,1.24,-1.94,5.22,1.41,.73,.22,.82,3.22,2.46,2.57,2.62,1.99,1.16,4.98,.46,3.33,4.61,3.87,3.12,12.88,10.71,13.12,2.55,3.32
200909,4.08,2.43,1.04,.01,-6.69,2.4,6,7.7,4.61,3.96,10.88,-2.19,6.39,12.76,3.51,2.22,2.37,6.54,6.64,1.39,1.73,-3.27,6.61,7.43,8.77,7.54,2.97,5.59,8.75,4.04,11.49,9.34,16.2,4.66,2.27,6.56,6.28,4.62,7.78,5.09,2.64,6.77,1.99,5.92,3.95,4.03,2.09,3.55,-.23,-.09,5.66,7.26,12.65
200910,-2.59,-4.34,-4.2,0,-12.33,.84,-4.08,.98,-.31,1.59,-12.15,-1.13,.78,-2.6,-2.89,-5.36,-3.39,-3.89,-4.2,-6.71,-4.76,-9.15,-12.18,-5.41,.02,-5.82,-2.51,-4.28,-7.04,-10.5,-1.54,2.36,-.04,2.58,-2.69,-3.42,-10.66,-3.59,-1.58,1.9,-6.68,-3.35,-.57,-5.4,-5.14,-2.73,.87,-2.87,-4.85,-4.23,-8.89,-3.6,-9.67
200911,5.56,-2.39,-.34,0,18.11,2,.36,5.28,2.16,4.2,8.98,2.92,7.31,1.96,3.89,10,8.15,9.56,4.04,2.98,4.86,-4.15,7.28,4.1,6.08,6.04,10.1,9.38,5.52,12.14,23.83,12.15,10.71,3.08,4.54,6.67,3.7,5.22,3.51,5.53,5.76,3.8,9.16,.51,11.16,4.51,4.62,7.77,4.62,5.24,9.47,2.03,9.12
200912,2.75,6.04,-.17,.01,1.98,2.94,5.62,-.7,3.25,3.81,-.09,16.43,-1.9,4.59,7.14,3.7,1.86,2.43,1.94,11.13,6.99,6.24,14.99,5.24,3.78,5.15,6.04,3.57,5.43,-1.35,-11.66,-1.96,7.25,-.85,5.87,6.26,7.15,5.67,5.19,5.39,8.21,6.01,4.09,5.55,4.41,5.03,1.35,2.65,-.36,3,11.17,1.25,-2.48
201001,-3.36,.4,.43,0,-6.64,.6,-2.42,-3.7,-3.35,-2.32,2.21,3.55,.86,-3.11,-3.9,-.34,.35,-4.04,-7.42,-8.48,-2.93,-.17,-11.92,-6.21,-6.54,-4.64,.51,.81,-9.1,-1.51,-10.92,-16.25,-7.42,-4.8,-4.49,-6.7,-3.21,-3.4,-7.72,-7.82,-9.28,-5.44,-4.94,-8.64,-4.05,-2.55,-1.92,-.99,.47,.8,-3.57,-7.74,3.61
201002,3.4,1.19,3.23,0,-6.6,3.26,13.7,.25,4.43,14.52,3.01,-3.01,3.69,6.07,2.36,2.18,-.16,5.45,6.55,15.49,3.66,1.89,4.2,7.32,8.38,10.54,6.69,3.88,5.18,5.36,14.39,12.74,10.82,2.28,-.41,2.85,1.49,1.98,7.14,3.4,5.23,6.82,2.15,7.9,7.25,5.89,4.32,4.56,1.83,3.53,7.19,3.85,1.07
201003,6.31,1.48,2.21,.01,2.04,4.46,8.2,6.11,6.12,6.57,14.3,5.47,2.11,11.39,7.04,4.43,3.17,7.36,4.68,8.29,8.89,6.04,12.04,5.27,6.41,7.16,8.93,10.92,17.77,6.09,3.85,10.76,2.11,3.28,3.13,7.6,6.79,6.56,8.99,4.85,7.65,7.66,5.84,6.06,8.11,6,6.14,8.4,8.45,8.29,13.26,6.98,9.81
201004,2,4.87,2.89,.01,-10.17,.18,-1.73,-1.76,-2.51,-.9,15.37,2.31,1.2,4.23,2.53,.37,-3.19,3.09,8.61,11.51,11.23,9.82,-2.63,3.75,6.08,4.52,4.82,2.19,22.09,1.61,10.79,-3.78,-2.19,4.28,2.85,3.59,2.55,2.4,5.28,.32,1.56,6.51,4.67,1.84,3.8,3.21,1.85,7.36,3.05,-1.64,5.58,-1.65,3.82
201005,-7.89,.09,-2.44,.01,-18.19,-3.86,-.22,-3.88,-7.69,-5.69,-7.5,-10.35,-4.35,-5.67,-3.63,-8.47,-8.25,-9.99,-4.89,-9.88,-11.04,-10.65,-7.01,-7.38,-10.4,-10.19,-10.02,-9.57,-11.33,-6.34,-5.08,-5.82,-14.85,-10.06,-6.29,-5.81,-7.42,-6.83,-7.41,-8.08,-7.52,-7.06,-8.96,-8.49,-5.98,-4,-5.83,-4.88,-11.02,-5.93,-12.13,-8.4,-11.01
201006,-5.57,-1.82,-4.7,.01,-8.54,-1.19,-.72,-1.63,3.32,-4.06,-10.39,-7.86,-3.22,-9.31,-7.43,-3.45,-.71,-7.79,-8.81,-14.55,-12.66,-13.5,-13.18,-5.97,-5.41,-7.09,-9.6,-5.65,-17.08,-6.91,13.41,-12.66,-9.51,-6.18,-.69,-3.98,-12.51,-6.12,-5.15,-6.41,-7.47,-5.67,-2.62,-.53,-7.66,-5.2,-10.56,-5.29,-7.67,-4.67,-12.82,-10.33,-7.63
201007,6.93,.22,-.33,.01,18.72,2.87,6.64,8.37,10.74,2.18,9.63,5.54,4.21,8.34,-5.44,.35,3.12,14.23,7.97,6.63,8.53,6.87,8.28,8.33,14.2,12.68,16.32,10.29,12.5,1.4,-8.92,16.97,14.31,7.5,6.8,9.58,7.68,6.54,6.09,8.94,7.78,1.26,7.68,7.61,10.85,3.16,4.65,7.05,5.97,5.87,13.99,9.96,8.97
201008,-4.77,-2.98,-1.93,.01,-9.23,.99,-.42,-.01,.03,-2.27,-1.14,-10.53,-3.96,-7.4,-4.53,-8.12,-.05,-.11,-2.31,-5.42,-5.26,-7.19,-8.74,-10.8,-7.87,-6.5,-10.48,-8.12,-9.61,-6.48,11.42,-2.05,-6.09,-3.35,.38,-2.13,-19.67,-6.45,-9.43,-3.76,-8.5,-6,-6.43,-4.09,-4.66,-7.57,-4.18,.26,-10.25,-4.56,-6.99,-8.15,-7.6
201009,9.54,3.97,-3.18,.01,-5.73,2.35,4.11,4.95,9.74,10.77,15.1,14.05,3.96,17.54,12.47,11.77,8.21,9.97,9.78,13.28,10.52,9.65,12.1,12.98,16.1,13.51,14.06,10.09,19.27,3.92,4.63,14.24,13.59,9.11,3.65,7.95,18.6,11.5,13.71,11.26,13.55,15.38,9.74,5.96,9.87,9.89,13.59,7.27,6.36,8.9,12.63,8.6,10.81
201010,3.88,1.19,-2.51,.01,19.43,3.78,7.37,1.93,5.34,2.06,15.4,6.65,4.51,3.31,3.05,.25,2.32,8.18,2.33,3.24,5.09,-1.91,4.64,3.37,4.39,4.54,9.72,6.08,1.28,.55,-2.09,13.22,6.78,4.44,1.86,4.52,-7.28,3.65,4.97,8.7,3.76,6.03,3.04,5.98,5.32,4.94,1.33,6.15,.34,2.08,-1.88,7.3,-.38
201011,.6,3.74,-.92,.01,.86,-2.6,.97,2.01,-3.89,9.27,6.83,-1.77,-2.34,9.27,1.66,-.23,-4.31,.84,4.03,-1.22,3.83,2.64,2.98,4.8,6.71,3.22,6.74,-.45,-.3,-3.01,.62,3.89,14.6,5.1,-1.32,-1.88,.06,1.54,-1.46,-2.82,3.42,2.42,.53,-.77,2.42,.22,4.95,4.13,.03,-.71,.11,-1.01,-1.27
201012,6.82,.69,3.76,.01,15.83,4.57,.91,3.57,4.23,1.95,-1.24,8.44,5.74,1.08,9.23,9.44,4.26,7.49,7,4.26,10.35,14.48,13.32,10.91,10.45,5.67,8.3,4.11,16.75,2.92,6,16.62,14.7,9.27,3.21,6.57,11.59,6.56,4.21,6.98,5.36,9.56,4.59,5.74,3.19,6.84,3.5,-.04,11.89,8.69,7.71,9.65,13.2
201101,1.99,-2.45,.75,.01,5.01,-1.92,1.86,-3.62,-3.29,-6.72,3.65,2.8,-.99,-3.32,1.75,2.45,-1.61,1.6,1.84,-3.66,2.51,6.7,3.98,3.78,5.27,3.44,.56,5.07,2.64,11.39,-10.99,-6.37,1.42,7.1,2.21,.04,-.33,1.74,4.47,2.36,6.48,2.73,2.98,3.71,-.5,2.83,-1.28,-2.5,2.57,2.11,2.18,1.43,7.51
201102,3.49,1.53,1.27,.01,-1.2,6.75,3.2,.6,8.65,6.18,1.11,2.56,1.68,8.88,6.88,4.55,2.77,4.92,4.5,7.08,2.96,-.2,3.98,5.85,4.07,2.54,-2.39,2.82,6.9,.28,4.49,-.03,.05,7.96,2.45,7.48,11.05,5.21,1.59,1.53,3.97,5.76,3.17,4.2,1.41,2.96,1.38,3.82,1.52,4.47,8.67,2.93,3.91
201103,.46,2.56,-1.85,.01,.33,1.64,4.58,3.35,6.33,1.59,-.98,-.21,.21,-4.4,3.53,.53,2.63,2.01,6.49,4.49,3.68,1.43,.75,5.98,4.27,1.16,1.53,2.15,18.09,1.63,.41,.1,8.77,1.9,.91,1.6,2.24,1.66,-3.23,-.28,-3.24,1.86,1.85,.48,3.02,1.43,.48,1.75,-1.78,-.5,1.19,-2.36,-2.25
201104,2.9,-.33,-2.49,0,-4.16,5.7,5.2,3.9,5.39,4.44,6.38,-.03,4.92,8,1.05,5.02,7.14,4.48,3.63,4.86,.54,.03,.58,.05,1.58,.93,1.72,4.19,1.77,-1.05,6.15,-2.76,-2.79,1.75,3.98,3.35,1.4,1.49,1.35,3.19,4.56,4.19,1.94,.65,2.95,4.15,5.19,1.19,-.4,3.63,5.44,-.87,2.41
201105,-1.27,-.67,-2,0,2.86,2.14,3.66,.49,4.5,-.79,-.48,1.07,3.04,.34,.52,-.16,2.58,-3.76,1.81,2.85,-2.2,-2.67,-5.35,-1.36,-5.96,-6.67,-3.29,-1.69,-6.3,-.82,-5.6,-5.6,-6.06,-4.47,1.31,.9,-.83,-1.27,-2.18,-2.23,-.84,-.1,-.63,5.82,-.43,1.28,.21,4.39,-2.65,-1.67,-3.33,-3.53,-3.49
201106,-1.75,-.15,-.39,0,1.51,-1.14,3.98,.62,-5.6,-.57,-1.74,-.44,-2.55,4.5,-2.94,-3.31,-1.41,-.22,.21,-6.34,-1.8,-4.94,-1.89,4.04,-.53,.29,-1.46,.35,-2.43,2.87,-5.01,-.67,-7.14,-2.15,-.34,-1.35,1.9,-2.42,-3.72,-.87,-4.07,-1.4,.57,-6.7,-.46,-2.04,-1.41,1.4,-2.02,-1.02,-3.43,-4.58,-2.6
201107,-2.35,-1.27,-.9,0,1.31,-.37,-5.96,-2.97,2.86,-5.42,5.96,-3.15,-2.74,2.26,-8.87,-4.36,-3.03,-1.83,-5.56,-6.32,-7.42,-4.58,-6.22,-5.54,-4.74,-9.76,-9.59,-5.96,-6.09,-5.81,3.55,-.75,.67,.48,-.35,-4.87,-.79,-4.05,4.47,1.27,-6,-8.24,-7.03,-4.43,-5.07,-4.58,-.1,-.23,-3.57,-5.36,-3.79,-2.77,-4.45
201108,-5.99,-3.05,-2.36,.01,-6.75,-1.4,2.24,2.24,.33,-3.04,-6.21,-3.27,.4,-5.51,-13.42,-4.83,-1.86,-7.98,-2.51,-7.06,-7.33,-10.1,-13.2,-7.31,-8.17,-7.59,-11.97,-7.24,-8.94,-1.29,9.78,-6,-19.19,-9.62,.16,-5.22,-14.33,-6.79,-7.11,-6.43,-7.39,-8.32,-5.32,-7.8,-6.98,-4.09,-3.37,-.82,-9.08,-7.57,-12.36,-11.48,-3.8
201109,-7.59,-3.31,-1.72,0,-12.83,-3.56,-2.58,-3.84,-4.93,-9.4,-21.23,-8.04,-3.92,-5.1,-9.32,-7.75,-2.74,-16.46,-13.08,-14.43,-16.34,-15.36,-20.49,-12.53,-16.44,-13.08,-14.09,-4.36,-18.82,-4.09,-5.05,-30.66,-30.02,-11.62,-1.63,-5.79,-13.88,-8.45,-3.82,-4.29,-5.44,-10.33,-9.73,-12.98,-9.33,-8.14,-2.86,-5.49,-11.46,-8.07,-15.5,-14.64,-4.16
201110,11.35,3.28,.1,0,20.97,3.88,2.53,1.93,7.61,16.21,15.2,8.78,4.49,16.51,11.56,6.28,4.98,18.21,13.41,14.32,24.11,19.98,18.15,18.82,23.02,17.4,23.94,10.54,29.15,5.54,7.95,26.95,28.44,15.81,6.7,7.57,18.5,13.05,11.91,11.79,12.44,11.58,10.51,12.77,15.27,13.8,9.14,10.27,13.15,13.57,16.19,13.88,9.43
201111,-.28,-.16,-.45,0,.26,.66,-.76,.52,7.17,-.54,-3.08,.59,1.21,-3.84,1.89,-.57,1.61,-1.14,-.13,-1.1,2.84,2.79,-1.46,7.45,2.09,6.78,-7.95,1.75,5.19,4.03,2.5,.48,-6.23,2.38,1,.29,-3.36,-.89,-3.25,-2,-.59,-.97,1.24,.27,1.5,1.16,.85,2.29,-3.87,-.36,.47,-4.17,-.59
201112,.74,-.59,1.63,0,-3.96,1.19,2.58,3.98,3.61,-6.43,-4.22,5.18,1.91,-2.24,-1.18,1.9,4.21,-.04,.64,.77,-1.46,-.3,-5.18,-10.02,-3.73,-4.7,-1.67,.29,2.19,2.86,-12.78,-4.57,-13.69,-.02,2.96,3.18,4.56,2.29,.5,-2.6,-1.73,-1.78,1.15,.67,1.19,.02,.34,4.03,3.14,1.04,1.51,-1.35,1.3
201201,5.05,2.03,-.97,0,16.81,.62,4.23,-2.33,-4.66,11.03,12.27,3.35,-1.01,9.89,4.42,6.69,2.63,11.26,8.15,7.08,6.47,9.66,12.4,7.34,12.74,9.83,13.17,4.92,4.85,2.27,5.36,18.89,1.26,.97,-2.69,2.44,7.26,5.06,11.41,5.49,8.97,15.07,3.75,8.91,6.62,6.07,4.04,3.41,7.5,4.99,10.28,9.97,3.42
201202,4.42,-1.85,.43,0,-5.12,1.99,4.79,.77,10.56,6.28,5.69,1.46,6.41,6.51,6.22,.92,.94,2.2,2.15,5.65,5.08,6.09,-2.69,7.29,4.44,.7,5.14,4.28,7.44,7.25,-3.19,-5.81,-1.51,6.62,1.26,4.78,-3.28,4.01,11.15,6.07,3.87,2.18,3.61,3.66,-1.25,1.57,3.51,2.68,7.31,4.7,7.5,6.71,1.07
201203,3.11,-.65,1.14,0,2.95,1.64,4.21,6.04,4.93,3.06,4.19,4.04,1.7,1.67,.3,3.56,4.32,2.65,5.7,4.52,3.13,1.43,.67,12.37,-2.61,2.16,.17,.04,-2.24,1.23,-12.01,-4.66,-12.16,-3.04,1.45,2.5,-1.93,2.13,7.01,4.15,3.46,3.9,1.55,2.17,.98,3.01,5.21,3.91,9.17,3.72,5.69,4.5,3.62
201204,-.85,-.41,-.78,0,-4.03,1.09,3.17,1.33,1.83,1.09,-2.75,-2.78,-1.83,.12,-1,.23,.8,1,-.91,-.09,-2.04,2.08,-4.29,-5.25,-1.55,-1.31,-7.36,.25,-1.81,1.33,-6.17,.51,2.47,-1.66,1.75,1.73,-3.36,.07,-3.37,-.87,-3.03,-2.95,-.43,-1.67,1.23,-.3,1.36,.82,-2.19,-1.45,2.88,-5.35,-1.34
201205,-6.19,.07,-1.06,.01,.53,-3,1.59,-.25,-3.64,-7.65,-12.85,-7.7,-5.05,-5.68,-6.28,-5.48,-2.62,-8.44,-5.03,-2.85,-5.56,-8.11,-14.52,-10.47,-11.13,-7.42,-7.64,-7.51,-10.73,-8.26,-3.69,-15.69,-23.34,-10.26,-.93,-1.07,-10.16,-7.03,-7.3,-7.93,-9.45,-6.41,-5.06,-8.92,-2.07,-6.12,-2.12,-4.68,-9.41,-6.86,-6.09,-11.6,-2.31
201206,3.89,.67,.62,0,6.9,1.39,2.17,5.74,5.92,1.25,.28,6.79,.01,-10.76,14.35,5.91,6.47,3.46,3.67,2.25,1.75,8.11,4.78,-1.27,.09,-1.23,-4.42,2.47,8.64,5.4,4,8.51,2.09,5.88,3.39,7.09,3.87,5.21,1.53,4.09,2.18,.23,2.82,1.53,4.04,2.62,3.02,-2.25,5.29,3.18,4.07,4.06,6.1
201207,.79,-2.77,-.02,0,3.26,-2.75,2.71,2.01,3.94,6.31,-11.59,1.27,3.39,2.31,-4.48,-4.13,3.26,-.79,-3.4,-.77,-2.46,-1.93,-1.22,5.43,1.33,2.34,-.3,-1.58,2.49,2.95,-8.93,-1.26,-10.56,3,3.73,4.07,-11.68,-.2,2.07,-2.13,-.43,.67,.9,2.52,-.99,.52,2.34,-3.35,.01,-3.49,-2.37,-1.21,1.25
201208,2.55,.48,1.3,.01,2.15,4.37,-7.3,.32,-2.93,3.33,8.05,7.25,3.5,8.04,6.96,3.52,.11,2.88,3.95,8.13,7.73,7.93,-1.08,2.15,4.17,3.87,4.12,3.09,-.7,2.64,15.73,2.89,.3,2.43,-3.34,1.08,5.76,2.2,8.26,3.64,2.21,2.84,2.21,2.93,-1.56,.37,3.43,1.72,3.03,6.13,4.89,4.82,-.64
201209,2.73,.51,1.6,.01,4.67,1.09,1.52,-1.02,-.03,.06,6.96,6.67,2.61,-.49,8.33,5.88,4.19,1.44,5.44,5.36,4.13,6.49,3.85,1.62,1.97,-1.19,3.63,-.9,3.95,3.4,13.58,8.54,2.06,3.82,2.17,4.81,4.15,2.08,.25,3.96,-2.81,2.54,2.21,4.17,-2.29,.42,1.85,3.76,4.6,1.39,3.3,4.02,5.75
201210,-1.76,-1.16,3.59,.01,-4.83,-.58,-2.84,-1.86,-2.52,-.95,2.21,-.96,1.03,-1.36,-5.1,-3.73,-1.28,-2.6,2.3,4.7,3.76,2.95,-.75,-1.78,-.78,1.39,6.02,.49,2.85,.55,-2.85,2.29,20.5,-2.14,1.05,-2.25,-2.47,-.59,-10.67,-5.71,-3.87,-1.45,-2.81,.93,2.95,2.62,-.92,-4.96,1.4,3.06,-1.1,2.5,-3.3
201211,.78,.64,-.84,.01,5.85,4.03,3.4,1.95,3.27,2.16,2.05,-2.53,1.16,4.02,3.98,.84,1.46,3.21,2.14,4.02,4.44,-.98,2.63,-4.92,1.58,4.57,3.38,4.06,2,1.91,-14.18,1.35,-11.26,-1.34,-3.68,.08,3.8,1.52,.78,2.07,2.04,4.05,4.31,-.44,.41,2.29,1.08,2.56,-.48,-1.88,.72,.13,1.27
201212,1.18,1.5,3.51,.01,2.97,-.68,-3.9,-.84,-5.58,-1.23,4.27,5.26,-1.61,.13,3.15,.39,-.96,4.46,.09,3.54,3.29,6.14,6.59,7.15,4.12,3.67,7.98,2.4,5.54,-1.38,-.84,-1.5,7.67,1.21,.14,1.17,3.84,2.94,-4.16,1.38,3.05,3.47,3.57,1.98,3.01,2,-2.15,1.92,5.2,1.84,5.95,5.68,1.43
201301,5.57,.33,.96,0,6.99,7.54,2.03,5.07,5.61,2.75,15.45,5.21,8.68,2.56,9.66,10.06,7.57,5.06,11.48,9.21,7.81,11.13,4.25,4.79,8.1,7.28,1.66,2.44,8.98,-3.93,-8.52,3.85,-3.72,7.5,5.08,4.91,8.34,6.79,-6.37,5.79,3.34,7.49,5.82,4.44,8.51,6.45,5.42,5.32,4.43,6.67,5.91,13.01,7.59
201302,1.29,-.28,.11,0,-.41,4.83,3.59,5.22,2.21,5.89,-1.33,-8.01,3.15,1.46,.78,-1.19,1.9,-.95,2.5,5.7,2.28,-3.46,-2.66,8.47,-1.16,.99,-.22,3.63,6.37,2.8,-8.21,-7.37,-8.09,.81,2.16,2.21,2.61,1.51,-1.1,.59,1.99,1.56,4.58,4.89,3.65,2.07,.61,.89,1.31,.5,3.22,1.54,4.55
201303,4.03,.81,-.19,0,4.6,7.98,4.84,5.31,2.72,7.38,7.73,7.28,2.19,2.88,5.91,3.25,7.21,1.21,6.26,8.87,2.07,6.32,2.12,8.8,.32,.65,3.56,5.64,6.43,8.97,2.53,.39,.86,2.11,5.64,5.73,8.94,5.09,1.93,2.12,3.63,3.44,5.26,6.98,4.64,3.26,4.77,5.29,4.47,5.35,6.37,3.57,1.93
201304,1.55,-2.36,.45,0,1.39,1.74,5.13,3.55,4.4,4.43,4.73,-.04,1.38,9.03,-.35,-1.8,3.62,3.96,-.6,1.01,-2.84,-3.25,-4.39,1.32,-1.18,-1.42,4.45,.55,-2.89,2.54,-22.22,-6.93,-5.67,-1.29,5.05,4.25,.16,1.28,-1.56,1.71,.41,-1.45,-.09,.37,-.14,.17,3.2,2.44,1.19,3.75,-3.08,-.08,.7
201305,2.8,1.73,2.63,0,-5.05,-2.01,-5.34,-1.47,-2.98,.63,2.54,3.8,-.26,.78,4.54,5.21,.78,3.43,1.87,.77,7.14,3.43,3.86,14.31,5.23,4.06,11.1,6.62,1.72,7.21,3.13,-.52,.5,3.09,-6.99,-1.72,8.93,3.05,6.31,3.24,4.69,5,2.5,.66,2.74,3.86,2.39,-.38,8.14,4.57,-.99,8.56,5.96
201306,-1.2,1.33,.03,0,-.97,.79,1.44,.93,-2.26,1.55,-4.88,2.21,-.71,.58,-1.34,.23,-1.66,-5.1,-3.51,2.3,-5.89,-6.9,-4.69,-1.57,-3.54,-3.26,.34,1.21,-2,2.43,-12.05,-8.95,-23.2,-2.11,.79,2.16,-3.97,-.71,-6.3,-2.34,-1.21,-.45,-.89,-.51,-.9,-.55,-.43,1.61,-.6,1.66,-2.53,-3.12,-1.23
201307,5.65,1.86,.57,0,1.2,5.5,.06,2.73,1.76,-.99,6.13,8.13,4.96,1.72,1.71,5.69,8.65,5.87,5.72,12,6.08,2.35,6.97,13.94,4.46,9.71,9.65,6.91,6.8,10.58,1.16,-.28,10.54,5.1,4.58,3.52,5.95,6.24,5.6,5.03,7.9,5.32,6.83,8.56,3.66,6.46,6.38,3.06,6.35,6,2.49,7.64,4.05
201308,-2.71,.28,-2.69,0,-1.26,-3.59,-4.77,-3.86,-4.85,-1.38,3.39,-5.26,-2.84,-1.86,-4.18,-3.72,-3.86,-.59,-4.07,-3.46,-4.73,-3.8,-2.75,-3.32,-.3,-1.91,-1.29,-3.12,2.2,2.4,5.86,4.24,3.73,-2.01,-4.41,-3.22,-4.62,-2.16,-5.66,.18,2.06,-2.52,-3.15,-2.08,-2.59,-2.5,-4.88,-2.21,-4.64,-2.69,-5.72,-5.11,-4.08
201309,3.77,2.91,-1.22,0,6.16,-.3,-.41,1.34,4.28,3.74,11.1,8.93,.89,7.65,6.04,3.72,3.93,5.21,7.07,8.44,9.12,6.37,8.35,8.43,6.05,7.1,6.71,8.56,7.57,4.96,-11.35,4.59,2.56,1.9,1.04,4.17,2.06,6.53,1.11,5.19,1.89,6.48,3.53,-.17,5.91,5.61,4.43,3.96,2.62,3.27,3.67,4.65,2.72
201310,4.18,-1.56,1.25,0,1.04,5.19,4.74,6.25,5.35,9.86,3.45,4.98,6.08,2.4,3.93,5.72,3.51,3.95,6.54,4.48,3.99,5.15,8.38,-4.94,1.46,5.47,-.07,5.28,6.47,5.23,-3.35,7.37,9.9,4.73,3.34,5.81,6.55,3.72,.55,3.03,6.47,3.41,6.43,5.37,5.92,5.77,5.38,3.94,2.94,2.45,3.87,5.97,3.48
201311,3.13,1.29,.32,0,7.64,-.03,2.39,1.15,-2.42,3.23,3.15,1.85,3.95,6.52,2.07,1.94,5.01,1.2,1.78,4.21,2.9,4.23,1.72,.32,1.49,3.38,1.79,4.63,7.59,7.55,-8.64,-4.94,-3.52,.99,-1.8,.25,2.97,3.49,.73,3.2,4.68,2.89,4.53,-.74,5.29,3.87,3.73,3.35,6.4,5.72,5.43,5.59,1.41
201312,2.81,-.45,-.02,0,3.1,2.88,3.29,-.41,2.97,2.32,7.92,7.76,-1.96,.83,-1.36,1.14,.66,4.86,5.93,3.63,4.72,5.1,6.52,-1,5.32,3.19,1.54,2.86,7.27,4.04,-5.39,9.29,7.89,3.01,1.79,3.72,4.32,4.63,4.75,4.67,2.76,5.06,2.55,4.57,2.24,2.55,.09,-.24,2.85,1.63,4.43,3.81,2.66
201401,-3.32,.9,-2.07,0,-8.01,-3.46,-7.59,-.54,-8.33,-8.56,.63,-6.44,-6.27,-7.58,1.57,.92,1.68,-3.81,-5.2,-2.68,-5.61,-3.08,-5.47,-8.77,-4.4,-2.82,-2.62,-3.82,3.05,2.53,-2.78,-7.06,-7.62,-6.88,2.49,-3.8,-3.6,-5.18,1.06,.82,-5.39,1.45,-4.17,-3.58,-1.99,-2.39,-7.59,-4.58,-3.5,-5.26,-3.17,-5.45,-6.64
201402,4.65,.37,-.31,0,3,4.95,1.92,1.62,3.35,3.39,9.21,8.25,3.39,5.53,3.34,3.6,7.16,7.88,2.11,.89,8.08,5.24,2.55,6.23,5.95,3.72,8.6,3.48,13.45,6.73,8.32,6.25,4.66,5.59,3.07,2.63,7.98,4.33,2.64,5.69,5.24,4.63,4.65,7.88,2.11,4.51,5.79,4.83,3.02,3.74,4.54,3.11,2.66
201403,.43,-1.85,4.93,0,3.73,3.19,1.65,4.78,4.07,4.48,-7.02,-.1,1.72,-.4,2.13,1.46,-3.45,.62,-2.55,-.06,-1.74,-3.57,3.67,-4.68,1.07,.07,-1.05,-1.3,-.21,.91,-2.49,-.29,-3,2.53,2.68,.17,-1.44,-.88,3.62,-3.25,2.7,-2.66,0,-1.24,2.69,.4,-1.21,1.72,2.97,2.26,-2.78,1.24,5.64
201404,-.19,-4.2,1.17,0,-2.6,.08,4.7,1.56,5.69,-1.13,-4.53,-1.87,3.03,-3.82,-1.07,-4.65,.5,.02,-1.08,.48,-1.45,-4.22,.65,-5.33,1.42,-.74,.15,1.31,.92,.6,3.44,2.85,9.05,5.64,3.97,.39,-.64,-1.57,-.62,-3.72,3.33,-3.27,1.15,-1.49,1.12,-.55,-.84,-1.25,-4.66,-1.67,-3.15,-2.73,3.16
201405,2.06,-1.88,-.13,0,9.86,5.1,.62,3.19,3.99,-1.07,3.56,-.46,-.47,2.22,3.61,4.27,1.4,2.67,-.63,2.75,.03,2.45,-1.62,1.63,.48,-.51,1.74,1.73,5.45,-.95,-8.84,-.94,-7.31,.95,0,3.84,1.85,2.56,3.82,2.64,5.04,3.24,2.5,4.06,5.45,3.43,.21,2.49,1.75,2.96,1.2,-.31,-.39
201406,2.61,3.08,-.7,0,2.56,.01,4.04,2.85,-1.17,.68,2.22,8.86,-1.31,.26,3.23,3.16,2.78,.77,3.96,7.83,2.22,2.4,4.89,11.85,5.39,3.51,4.03,-2.31,1.36,-.88,14.48,4.88,3.87,4.07,5.41,1.68,3.32,2.47,2,2.44,3.94,2.83,1.32,3.52,1.25,1,1.01,2.57,2.67,2.61,3.69,5.13,-.45
201407,-2.04,-4.29,.03,0,-8.2,-4.8,-6.87,-2.92,-3.26,-5.64,-3.44,-1.81,-2.59,-.62,6.27,-1.35,-.51,-3.26,-8.34,-5.7,-7.95,-9.88,2.2,-13.63,-5.89,-6.59,-3.77,-6.03,-.83,1.81,-3.38,2.91,-11.2,-3.44,-6.4,.67,-3.3,-1.26,2.19,1.02,-.31,-3.6,-3.66,-6.44,-2.04,-2.99,-1.78,-3.22,-1.61,-3.78,-3.74,-.59,-2.11
201408,4.24,.4,-.45,0,3.14,6.15,7.82,5.46,4.63,2.96,-2.48,2.31,5.86,3.53,4.69,1.89,6.19,4.4,5.61,10.14,6.72,7.02,6.21,-3.87,5.36,3.39,4.26,5.48,9.11,4.47,7.62,.25,4.18,2.29,5.32,.44,4.97,4.02,2.95,3.23,6.27,3.92,3.57,2.27,4.57,4.7,5.75,2.43,2.57,6.04,9.1,4.72,7.43
201409,-1.97,-3.72,-1.34,0,-2.41,-1.96,2.5,.83,2.01,-8.03,-3.69,-7.17,.88,4.44,-3.65,-3.38,.57,-2.14,-2.01,-2.38,-5.39,-7.63,-4.79,-8.45,-6.84,-4.8,-10.06,-.9,-1.71,3.99,-17.28,-9.55,-14.41,-7.74,-3.37,-1.66,-7.24,-2.72,-1.26,-.79,-1.88,-2.44,-3.1,-5.79,.71,-2.29,-1.51,-.56,.09,-1.96,-5.79,-.32,0
201410,2.52,4.2,-1.81,0,3.25,2.65,-.33,3.28,5.86,4.73,-.12,2.72,3.67,1.57,4.35,10.62,5.2,-1.09,2.53,2.08,4.58,3.46,2.17,.99,2.15,3.19,1.98,1.76,-6.35,3.26,-20.24,-7.41,-6.31,-4.2,6.69,1.24,3.19,6.48,-1.08,-.58,3.86,3.44,6.58,5.4,6.23,3.36,3.37,1.24,3.79,5.08,2.45,2.63,1.47
201411,2.55,-2.06,-3.09,0,3.71,4.9,7.63,4.35,.98,2.58,-.96,1.28,3.23,8.89,-1.31,4.98,2.34,2.21,3.44,7.53,1.74,1.18,-2.46,-9.16,-1.2,-.08,5.26,5.21,-2.74,1.11,-.48,-.93,3.96,-9.72,.26,2.82,4.77,2.75,8.08,1.92,6.92,4.08,4.89,4.22,5.88,1.99,8.96,5.57,1.65,2.03,4.67,2.19,4.83
201412,-.06,2.49,2.27,0,-.06,-1.29,-5.17,-4.3,-2.89,-2.65,-5.01,1.88,.02,-.82,3.52,.26,-1.31,.83,4.51,-.31,1.51,-1.68,-6.6,-5.8,-1.18,-.96,.56,-.4,-3.41,.91,3.52,-7.86,-16.46,.76,1.89,-1.78,2.67,-.25,.74,-.8,-2.94,.21,1.69,4.52,1.08,.5,2.23,-.43,1.96,1.86,-.44,3.35,.02
201501,-3.11,-.55,-3.58,0,-.9,-2.08,-1.11,.9,3.05,-.06,.26,-2.03,-5,-3.75,-2.54,-.05,2.16,-2.01,-.66,2.02,-3.81,-6.41,-9.65,-14.07,-7.56,-5.36,-6.25,1.23,-2.21,-.82,30.1,-10.08,-17.48,-4.22,1.22,-4.75,-6.9,-1.68,-8.04,-4.9,-.38,-2.54,-2.06,-4.66,-4.54,-2.39,-.24,.66,-9.29,-4.4,.27,-7.47,-4.41
201502,6.13,.61,-1.86,0,2.08,3.67,6.48,4.4,5.45,5.46,6.08,7.97,3.84,5.43,4.3,5.77,3.95,8.1,7.55,13.34,5.89,10.59,3.77,14.59,6.11,5.61,8.91,5.5,18.24,7.46,2.45,17.7,15.05,4.63,-4.39,8.89,5.46,7.8,8.09,8.19,9.11,5.39,5.94,11.19,3.1,4.88,5.64,6.82,7.93,7.83,5.86,8.46,4.38
201503,-1.12,3.04,-.37,0,-5.28,2.47,-4.64,-2.07,-8.47,-4.11,-1.9,.44,-2.02,1.23,4.97,1.3,.33,-3.55,1.04,3.33,.9,1.58,-2.72,2.57,-3.68,-.5,-.43,-1.41,.67,2.56,-16.42,-4.97,-18.67,-2.42,-.32,-2.18,-2.69,.57,-7.43,-1.83,-2.81,.1,-1.47,-3.25,-3.63,.59,1.01,-.29,-.82,2.3,1.42,.11,-2.09
201504,.59,-3.03,1.82,0,1.07,-.23,-.43,-.52,6.02,9.25,2.67,-4.06,-2.46,-1.53,-1.74,-2.74,-1.15,1.11,-4.47,-5.95,-.87,-5.42,4.05,-2.17,2.52,1.38,.21,-2.52,-7.47,-6.86,19.16,11.44,10.8,6.64,.28,3.41,-3.23,-.94,4.3,3.24,-.55,-2.88,-2.81,-1.72,-1.14,-1.22,-2.93,.51,2.09,-1.83,-3.25,.55,.34
201505,1.36,.92,-1.14,0,3.43,2.82,.2,2,1.44,-3.63,1.58,1.99,.39,.04,4.99,2.27,5.33,1.25,1.18,4.37,2.25,1.26,-3.81,-6.19,.09,2.88,1.09,1.66,3.06,1.99,2.63,-6.86,-17.11,-5.04,-.49,.54,.11,1.12,1.9,-.39,4.97,4.09,1.49,.33,-3.06,1.42,.56,1.56,2.68,4.71,.98,2.41,.87
201506,-1.53,2.9,-.79,0,-7.59,-.79,-2.34,-1.71,-2.57,.46,1.46,.12,-.18,4.17,5.15,-.16,-.15,-2.72,-.5,4.09,-1.8,3.01,-5.25,6.8,-1.06,-3.47,-2.36,-2.37,-9.17,-.86,-13.31,-4.85,-23.5,-3.63,-5.36,-.29,-3.65,-1.24,-5.93,-1.96,-5.82,-.58,-2.75,-3.34,-3.25,-2.6,-.5,.29,1.68,2.15,-2.9,-.41,-3.83
201507,1.54,-4.19,-4.13,0,-2.72,3.72,6.67,3.51,9.59,-3.76,7.96,-2.97,.78,5.96,1.64,4.6,3.51,-4.92,1.3,-.72,1.6,.58,-8.21,-19.29,-5.68,-4.29,-3.11,-1.93,5.11,9.16,-26.27,-10.68,-26.3,-8.77,2.68,1.44,2.28,1.06,2.79,6.04,-2.65,2.45,-.49,-.9,3.27,-1.11,5.84,4.17,2.71,1.6,1.31,.15,2.86
201508,-6.04,.33,2.77,0,-4.59,-4.11,-4.57,-3.12,-4.06,-4.83,-7.71,-8.76,-6.96,-3.86,-6.41,-4.56,-9.05,-7.22,-5.84,-3.11,-1.91,-2.64,-4.41,-4.55,-3.63,-8.97,-6.09,-5.09,-4.97,-1.69,-.22,-1.68,7.86,-3.77,-4.02,-8.34,-1.32,-5.08,-7.89,-5.63,-5.66,-7.03,-5.98,-3.58,-6.37,-4.17,-5.42,-6.48,-6.34,-5.6,-9.47,-8.42,-5.41
201509,-3.07,-2.63,.56,0,-11.16,-1.65,2.15,2.58,2.37,-5.42,-10.74,-5.65,-.56,1.18,-9.8,-5.49,-6.85,-8.29,-4.27,-5.92,-7.93,-5.17,-10.59,-21.15,-8.98,-8.83,-2.52,-2.04,-9.94,1.45,-5.7,-6.13,-36.74,-5.49,-.48,-2.49,-1.53,-2.47,-2.15,-1.31,-.83,-4.16,-2.33,-4.97,-.71,-5.79,-1.72,.44,-3.24,-2.02,-4.3,-4.8,-1.91
201510,7.75,-1.87,-.46,0,8.63,5.58,5.77,8.06,10.9,11.86,14.96,12.44,5.78,.98,-4.3,5.24,8.83,16.63,5.75,7.96,8.09,2.56,5.9,-6.4,8.71,7.98,6.04,9.42,7.49,6.41,18.08,7.37,-30.98,12.34,2.1,9.07,4.39,7.09,8.27,11.57,9.13,7.54,10.25,9.78,6.49,5.12,4.53,5.05,5.6,5.25,8.98,7.71,7.21
201511,.56,3.59,-.42,0,1.87,-1.39,2.36,-.71,-3,-2.23,-.16,-.06,-1.13,-1.08,.84,2.63,.14,1.67,2.14,-2.59,3.12,6.32,-.89,12.87,1.98,1.5,1.95,-.52,1.31,.01,-5.53,-6.15,10.12,1.05,-3.4,-1.97,-3.96,1.7,-3.43,2.04,.11,5.16,.02,-.32,-1.1,2.88,.59,-1.01,3.04,-.32,-1.56,3.23,-.1
201512,-2.17,-2.82,-2.61,.01,2.07,3.06,.42,.31,1.6,-2.42,-1.6,-5.94,1.94,-4.37,-2.43,-.44,.63,-4.79,2.76,-2.64,-4.25,-6.35,-2.65,-14.67,-5.73,-.33,-4.12,-1.34,-8.83,-.33,-1.96,-7.24,-7.34,-9.57,-2.32,-3.07,-6.61,-3.37,-2.32,-.77,-6.29,-.39,-3.9,-2.51,-5,-1.7,.83,-.94,-3.15,-.66,-5.52,-5.12,.31
201601,-5.77,-3.43,2.09,.01,-6.73,-1.06,-1.33,-.22,4.29,-1.77,-9.19,-5.66,.21,1.53,-4.76,-5.03,-11.09,-11.08,-7.71,-5.32,-7.16,-10.09,-9.65,-7.37,-4.91,-8.2,-13.24,-9.89,-6.32,-2.18,9.42,-8.04,-3.31,-4.37,4.66,.17,-9.08,-7.79,-11.79,-4.54,-7,-6.77,-4.45,-11.1,-8.52,-8.29,-4.47,-.93,-10.75,-6.13,-12.09,-11.19,-3.07
201602,-.07,.71,-.57,.02,-.47,2.27,-.33,-2.32,.95,8.14,3.4,-1.57,.32,.83,-2.85,1.13,-1.16,6.87,2.18,.65,3.82,.2,7.37,18.46,4.83,3.65,4.09,3.83,-1.04,2.95,31.7,8,6.28,-2.96,1.75,.93,-2.9,1.84,7.11,-3.12,.63,.36,3.2,1.57,6.91,4.46,-.43,1.05,-4.44,-.04,-3.62,-2.23,2.69
201603,6.96,.82,1.19,.02,-.98,3.72,7.21,5.63,5.06,6.97,9.28,6.74,4.65,2.32,8.93,6.27,3.19,8.33,12.34,3.6,10.87,12.1,17.74,9.62,9.58,9.04,10.58,3.73,9.05,2.84,4.46,15.66,25.47,10.76,7.86,6.06,3.05,7.88,8.61,7.81,9.15,8.44,7.83,11.13,6.9,6.16,5.99,5.38,6.29,7.04,11.11,6.79,6.84
201604,.91,.74,3.28,.01,7.17,1.21,-1.53,.32,-.24,-3.53,-6.84,1.25,-.39,-2.26,5.95,6.59,4.57,3.77,.16,1.56,1.79,-1.08,9.86,16.95,3.65,2.34,1.6,5.09,5.5,3.45,33.91,11.43,29.73,9.09,-.84,.71,-4,.5,-3.06,-2.83,-7.96,-.54,.53,2.92,-1.08,.13,-.34,-2.37,5.87,1.23,-2.32,2.77,.5
201605,1.78,-.18,-1.66,.01,16.6,1.17,.04,-.9,.84,3.34,5.86,-1.21,-.1,-4.95,-.92,2.05,2.71,-1.42,2.38,-1.69,3.72,3.19,-8.49,-4.78,.31,-1.02,-2.49,-1.77,-2.23,2.59,-7.56,-4.41,1.55,-.63,2.23,.3,3.57,4.13,5.1,4.66,6.5,3.49,1.82,1.62,-2.16,1.58,1.22,-1.47,1.93,2.05,-.62,3.65,-2.47
201606,-.05,.6,-1.48,.02,-6.59,7.67,3.46,5.33,6.89,-3.09,-4.67,-1.36,3.2,1.65,-.42,4.16,-.81,-1.1,.72,-4.65,-2.32,.05,2.56,-4.46,-.62,-.18,-6.99,.82,.37,4.36,23.78,3.59,5.24,2.59,7.41,3.55,1.04,-1.15,-3.05,-2.23,-1.5,-.3,2.36,.02,-2.51,1.61,.76,1.18,-7.16,-.29,-3.87,-6.81,3.62
201607,3.95,2.51,-1.27,.02,3.62,.16,-2.89,1.84,-2.77,4.75,6.45,7.78,2.63,1.84,2.43,5.08,6.61,4.33,4.96,9.73,6.29,4.8,13.59,5.96,6.53,5.18,8.84,4.06,5.15,2.32,16.04,4.48,20.94,-2.85,-.19,2.37,5.08,5.1,7.72,7.98,8.89,5.24,2.07,4.92,5.4,3.44,3.85,2.22,4.84,.65,5.14,7.17,-.58
201608,.49,1.18,3.13,.02,-.09,-.2,-1.4,-.88,-1.2,1.58,.84,.29,1.32,1.32,-6.85,.12,-3.44,2.49,3.9,1.65,1.21,.33,-7.52,4.21,3.85,.18,-.34,.11,3.06,-4.53,-13.82,-8.17,-4.52,1.49,-3.9,-3.59,-4.14,.49,3.39,1.51,2.82,-.3,1.68,6.43,1.11,-1,-1.69,-.2,6.21,1.77,-.29,5.56,2.77
201609,.25,2.13,-1.23,.02,-4.08,-3.12,-2.22,1.65,-2.76,-3.98,6.37,-3.64,.05,-6.81,2.18,1.45,.27,-1.73,-2.86,-4.84,-2.58,-2.18,2.44,-.31,2.6,1.6,-.24,-.61,-.29,-1.17,2.64,1.98,7.68,2.83,1.76,.73,-.41,.53,4.92,.8,4.9,1.84,-1.52,3.14,2.88,-2.58,-.14,-2.24,-2.19,.28,-1.9,-1.21,-3.68
201610,-2.02,-4.42,4.12,.02,-2.01,-.1,-.3,-1.63,4.61,.8,6.47,-8.22,-2.92,-5.4,-6.63,-8.12,-7.43,-1.91,-4.58,-7.35,-3.77,-4.16,-2.98,-1.77,-4.12,-5.53,-3.28,2.63,-3.09,1.83,-5.44,3.12,-8.67,-2.8,-.59,-2.76,-.96,-2.78,-3.02,-.11,-1.1,-5.55,-5.86,-3.92,-.62,-8.08,-3.55,-1.92,3.29,-1.05,-5.88,-.59,-.59
201611,4.86,5.67,8.19,.01,2.11,-5.65,-3.94,-5.75,-5.11,9.02,3.02,8.33,-4.21,1.27,1.04,-1.03,3.19,7.57,6.76,7.97,10.66,8.86,21.36,7.97,12.53,9.48,6.89,8.35,15.06,8.22,-11.35,19.44,20.79,9.32,-2.82,6.45,11.27,3.95,1.65,-1.13,2.6,2.2,4.36,3.66,12.75,9.67,2.88,8.48,13.33,10.92,7.38,15.39,8.07
201612,1.81,.08,3.56,.03,3.31,5.51,2.5,3.03,5.42,-7.34,-2.61,2.68,1.48,-.71,.81,3.08,.25,.36,1.06,1.69,.1,.23,-2.26,2.6,-.16,-.73,4.19,1.43,1.4,-5.38,2.27,-2.79,-9.65,2.17,3.64,4.77,2.87,.71,.15,-.38,2.91,.98,2.56,-.78,.87,2.21,-.95,.62,4.82,1.8,3.57,3.21,3.26
201701,1.94,-1.14,-2.76,.04,5.6,.99,-.26,-.98,5.65,.38,5.66,1.67,2.71,.44,4.18,5.65,1.19,3.84,2.57,5.6,3.11,4.84,3.7,3.58,4.7,4.08,5.26,1.91,2.96,-.06,10.47,12.92,-5.32,-4.37,1.08,2.87,3.26,2.96,3.1,6.15,2.45,6.52,1.66,4.99,1.73,2.02,.92,.7,.29,.83,1.08,1.24,-1.05
201702,3.57,-2.02,-1.68,.04,3.96,1.73,.81,6.17,7.97,6.04,-.18,-.2,4.87,3,7.31,4.19,7.47,3.13,-.08,4.01,2.06,2.26,9.19,7.19,2.19,2.27,.86,6.73,1.7,5.57,-8.11,-8.49,-9.39,-2.36,4.05,.14,.2,4.04,8.95,3.24,7.2,4.66,4.05,.06,2.6,2.61,2.85,2.39,5.22,3.51,5.58,3.66,3.61
201703,.17,1.14,-3.32,.03,-.43,-.82,3.94,.92,1.06,1.95,6.32,1.22,-.31,.48,-.79,2.5,-.37,2.19,.39,1.29,1.71,3.53,-6.14,.35,1.44,.54,-.5,-1.63,-4.16,.84,-4.34,-1.78,5.53,-1.24,.32,1.05,2.08,.41,.35,2.03,3.43,.74,.63,-1.09,-2.77,-1.1,.82,2.79,-2.86,-1.05,.95,-2.07,-1.85
201704,1.09,.72,-2.1,.05,3.08,.63,.68,1.94,-.09,-4.23,3.66,-1.53,-.31,-.95,-1.38,5.1,.29,1.33,6.33,2.59,1.17,.22,-.5,3.77,3.88,-.44,1.69,4.72,3.11,1.04,2.64,-2.17,-11.86,-2.61,.38,.02,1.75,2.01,2.08,4.26,-.31,4.46,1.65,4.02,2.19,-3.34,3.4,4.35,-.64,2.4,5.75,-.35,-1.15
201705,1.06,-2.52,-3.78,.06,.45,-.08,5.84,4.34,6.18,4.55,2.67,-1.61,1.86,-2.22,-2.09,2.18,-.6,-.56,3.45,1.75,-2.09,-2.9,-4.6,-2.22,3.08,-2.06,-.66,3.04,-2.16,4.64,.83,-1.6,-5.09,-3.29,2.56,-1.55,-2.56,3.14,-2.36,3.97,6.44,3.55,2.63,2.77,2.74,2.47,.54,7.02,-2.01,1.4,1.5,-1.39,-1.09
201706,.78,2.23,1.48,.06,1.03,-4.29,-.74,-1.14,-.94,1.74,-.36,3,-.15,9.55,6.96,3.73,5.81,1.99,.7,1.57,2.48,5.86,-.22,-.47,-.25,1.95,3.5,1.64,4.43,-1.21,-5.26,.78,2.29,-.06,-1.89,-2.22,4.85,1.51,-2.47,-1.26,-4.45,-.77,1.48,3.71,3.44,.21,-2.41,-2.45,6.64,3.71,3.11,6.34,1.57
201707,1.87,-1.46,-.24,.07,-.82,1.33,2.65,1.25,-5.99,-5.01,6.31,2.88,1.86,1.22,-5.61,-.21,1.35,1.09,-4.24,2.21,.61,-.11,1.31,6.07,3.1,-.03,-.89,7.87,-3.05,4.79,11.94,7.72,12.9,1.98,2.98,5.27,.32,4.51,2.59,3.97,3.75,1.24,-2.7,-1.11,-4.44,-.91,.98,-2.29,1.14,2.93,1.33,3.35,1.38
201708,.16,-1.67,-2.09,.09,.17,-4.74,.33,1.03,-.87,-9.67,-.8,-5.42,.35,-5.21,-2.39,.2,3.4,1.61,-1.79,1.25,-1.07,.16,1.65,2.98,-1.71,-2.71,1.82,2.12,.38,4.6,2.53,.42,-.39,-5.15,2.2,-2.64,2.6,-.38,1.38,1.97,5.94,4.54,1.12,-.3,.67,-4.3,-1.76,1.44,-1.35,-.47,-1.93,-1.87,1.45
201709,2.51,4.46,3.12,.09,2.63,.8,-.42,-2.91,-2.04,-.22,4.16,3,-.13,1.12,-1.73,1.25,2.45,6.68,6.54,.13,7.81,7.28,3.72,5.99,9.08,5.58,7.61,2.51,7.88,3.29,-2.52,-1.74,1.29,11.07,-1.97,-1.67,3.25,2.53,4.28,.28,-.22,3.1,2.68,2.02,6.33,4.69,2.75,.44,6.2,2.11,2.26,6.68,.79
201710,2.25,-1.93,.21,.09,1.7,.19,1.59,1.33,-2.81,-5.34,2.81,-1.87,-2.78,3.01,-3.64,3.98,-3.41,5.63,2.63,5.41,2.76,9.3,2.23,5.26,5.58,4.64,2.25,1.88,2.24,-.94,-4.72,3.05,2.2,.43,3.07,-5.68,.13,4.33,1.36,6.56,8.98,5.32,4.69,3.2,-1.89,-.77,3.3,3.86,3.25,4.53,3.21,2.19,-1.29
201711,3.12,-.58,-.08,.08,-1.56,6.38,1.86,4.41,1.42,7.28,3.01,11.7,4.93,7.44,3.57,4.54,1.96,2.23,2.49,7.56,5.49,9.07,-1.38,3.95,2.21,.56,.65,4.13,3.45,3.3,.43,.06,8.98,2.93,2.42,3.76,1.39,3.03,5.38,-.31,2.13,1.78,5.6,-.49,6.72,3.69,9.42,5.62,2.94,5.24,1.93,5.8,1.52
201712,1.06,-1.32,.05,.09,-1.86,-.15,.64,4.4,4.96,-5.67,1.47,1.43,2.36,4.58,3.13,-4.04,.41,.58,-1.31,-2.23,2.22,.69,13.19,-2.45,2.5,3.29,-1.24,4.08,1.55,.5,2.04,13.84,11.85,4.98,-5.02,4.47,1.25,.35,1.3,.47,-.98,-2.17,-.83,-.95,2.83,4.29,2.55,1.33,1.89,-1.62,.72,2.1,1.35
201801,5.57,-3.15,-1.33,.12,4.3,.26,5.73,-.11,.13,3.78,18.44,5.21,-1.97,7.29,8.19,10.14,5.51,1.7,.32,1.6,1.06,-1.39,3.61,4.1,3.86,2.25,3.49,13.38,-1.33,8.85,6.76,2.87,.89,2.89,-2.83,3.13,5.25,7.72,9.65,9.43,4.06,8.37,4.71,3.1,2.68,4.81,11.56,2.77,7.33,4,3.37,5.21,5.42
201802,-3.65,.23,-1.07,.11,1.2,-6.77,-8.39,-6.76,-6.62,.7,1.12,-3.5,-6.27,-1.95,-2.04,-2.68,-3.8,-5.12,-8.42,-12.35,-9.54,-10.36,-1.99,.37,-4.25,-5.58,-6.3,-.16,2.97,.05,-5.8,-2.79,5.96,-10.9,-4.52,-7.13,-4.06,-3.06,4.96,-1.27,2.89,-4.01,-5.66,-3.76,-6.66,-5.41,-4.72,-4.11,-2.13,-4.44,-3.71,-1.26,-4.72
201803,-2.35,4.05,-.23,.11,-4.92,-2.25,-.41,1.27,-1.65,-9.23,.52,-.19,2.13,.64,-1.32,.28,-3.07,-1.86,1.66,-2.14,-.71,1.94,-5.86,2.39,-1.18,-1.48,-6.58,-6.16,-.82,-3.14,2.77,-.84,-6.57,3.08,3.2,-2.6,2.63,-1.11,-3.21,-3.83,-3.28,-.42,-5.07,-1.54,.53,-1.04,-3.25,-.41,-4.62,-2.13,4.55,-1.35,-3.56
201804,.28,1.14,.54,.14,7.99,-3.51,-.79,-4.29,-14.16,6.42,3.09,-.46,-5.35,3.16,.05,2.92,-.69,.72,.27,-9.54,-5.16,-.88,3.66,4.08,-5.62,-6.62,.13,-1.78,-.52,-4.17,.57,-4.26,-2.46,10.17,2.77,-2.38,.72,.11,1.74,1.65,-2.95,-2.61,-7.35,-1.39,.49,.82,4.29,3.53,1.11,3.52,-1.29,-1.57,-1.75
201805,2.65,5.26,-3.18,.14,1.93,-.86,-1.3,-1.19,-1.87,.81,9.61,.7,-.25,4.21,7.76,5.72,1.13,2.42,-1.13,-1.36,4.36,-.52,5.62,2.97,2.97,7.94,3.64,4.53,2.96,.4,-.07,3.81,11.8,3.37,.21,-.84,.05,5.37,-1.65,6,11,3.17,1.89,-3.09,4.85,1.56,1.37,-1.75,1.08,-1.11,-3.64,.37,-.47
201806,.48,1.15,-2.33,.14,-3.07,6.04,4.45,4.42,3.07,5.68,4.91,2.33,3.59,6.98,1.52,2.5,1.25,.33,.58,3.36,-1.16,-1.88,-5.14,-4.97,-5,-1.53,.53,-3.2,-.27,-5.66,-3.29,-1.42,4.13,.51,2.61,6.43,1.27,2.98,.55,.77,-3.08,.06,.12,-2.51,-3.64,.28,4.36,-2.94,-.86,.29,-1.69,-3.29,-1.83
201807,3.19,-2.22,.47,.16,.4,.2,5.9,3.5,5.24,4.45,-6.9,-4.54,1.88,.37,7.57,2.21,6.77,4.85,5.78,-8.89,5.17,-.29,4.24,13.49,6.3,9.87,-3.08,7.17,8.88,9.86,-3.07,-2.06,-2.76,1.09,1.73,2.69,5.01,1.8,-1.03,1.89,2.31,8.22,6.52,3.9,7.94,2.38,3.56,1.45,4.38,5.21,2.86,2.41,6.04
201808,3.44,1.12,-3.99,.16,-3.89,1.14,-3.08,-1.86,-5.43,7.38,2.47,-4.59,2.6,5.25,5.64,6.02,3.95,.01,.43,3.8,.31,.7,-3.23,-.82,-1.95,-.07,-1.74,-2.39,1.16,-.29,-15.31,-9.72,-.51,-2.89,.91,3.08,.91,7.62,10.94,5.06,10.95,3.61,-.27,-.62,2.93,3.66,9.16,3.51,2.77,3.62,-3.97,.21,3.26
201809,.06,-2.28,-1.69,.15,-5.72,-2.2,3.1,.19,5.37,7.17,-.73,-2.05,1.13,1.29,-.33,3.97,1.9,-2.87,1.87,-6.38,-1.33,-4.94,-.67,2.36,.87,-.15,-5.02,6.72,2.46,7.2,-2.4,-1.57,-5.38,3.45,-.55,1.64,-2.03,-.25,.27,-.34,-.55,1.1,-.88,1.89,1.04,-1.48,.61,2.92,-2.82,1.02,-4.87,-3.35,.83
201810,-7.68,-4.77,3.44,.19,-3.85,.94,1.18,-1.57,7.9,-15.04,-16.04,-5.63,-.74,-10.13,-6.6,-12.35,-7.99,-12.5,-11.58,-25.79,-16.21,-9.35,-11.62,-10.58,-13.82,-11.95,.89,-8.87,-16.96,-14.46,.51,-12.58,1.47,-11.91,-.06,-.34,-4.17,-8.78,-7.69,-9.42,-7.73,-9.64,-9.49,-11,-9.72,-7.88,-10.25,-1.8,-6.13,-4.31,-12.09,-4.69,-4.99
201811,1.69,-.68,.27,.18,-6.86,.3,6.84,5.79,-8.43,-7.15,-.03,3.83,6.27,-1,3.49,4.56,7.1,4.96,6.42,2.92,5.08,2,-3,-4.37,7.15,3.67,3.8,.36,7.37,1.41,2.48,-1.77,-14.14,-2.14,3.27,2.62,4.03,1.34,.95,1.09,-8.66,7.07,7.67,10.21,6.23,3.19,1.59,6.41,2.92,4.27,5.84,-.1,3.61
201812,-9.57,-2.38,-1.86,.2,-13.07,-10.92,-7.83,-9.69,-15.8,-16.35,-7.47,-14.36,-5.67,-7.31,-15.36,-8.43,-7.62,-7.76,-8.86,-10.09,-12.19,-9.62,-14.78,-3.16,-9.83,-12.17,-11.3,-10.18,-18.24,-11.78,7.19,-10.65,-2.07,-13.13,-4.75,-8.77,-11.71,-9.47,-9.5,-7.22,-8.92,-9.53,-7.53,-12.48,-15.19,-11.21,-9.19,-6.27,-12.78,-9.89,-12.28,-8.68,-6.5
201901,8.4,2.9,-.45,.21,14.3,8.44,3.77,3.53,7.85,16.71,19.03,13.23,6.55,12.31,11.27,9.41,3.96,5.52,7.01,9.71,13.12,13.35,17.11,10.41,11.36,11.33,9.82,15.54,6.41,10.35,.09,9.97,13.9,10.31,5.41,5.56,4.75,10.99,10.56,10.99,6.33,9.33,6.89,12.93,9.86,8.84,8.84,4.64,10.45,8.77,15.55,8.23,4.35
201902,3.4,2.05,-2.68,.18,-.28,-3.33,-3.51,2.46,10.2,10.62,3.47,3.98,5.21,5.51,1.37,3.67,3.25,3.92,4.24,6.84,5.85,2.02,2.27,14.54,3.87,5.41,2.65,10.3,3.06,6.83,-.86,8.64,-3.81,2.44,3.62,3.26,5.25,6.9,8.44,4.08,6.81,8.92,3.51,1.46,4.19,4.54,-.08,4.32,4.49,-1.04,4.96,2.68,-.45
201903,1.1,-3.03,-4.1,.19,1.46,5.58,1.2,4.87,6.45,-3.2,.19,-5.3,4.38,-.31,-3.55,2.16,.36,-1.48,2.39,-7.76,-1.83,2.87,-4.65,-1.76,.4,-3.86,-6,-6.82,-3.62,-3.15,3.08,5.98,-1.37,2.03,3.32,.41,-.83,2.49,2.4,3.16,5.29,3.14,.73,3.85,-.4,-1.53,3.86,3.73,-2.63,-1.14,-3.37,-3.09,.16
201904,3.97,-1.74,2.14,.21,.14,2.75,5.29,6.56,-3.56,7.79,5.93,1.56,3.23,4.89,.37,-3.78,-3.21,5.51,6.73,6.78,6.69,8.14,-2.64,-.5,6.4,6.44,4.31,3.5,4.07,10.58,-10.51,.7,2.98,.14,1.02,6.32,3.24,4.22,4.1,6.91,6.3,1.56,-3.46,2.81,4.69,3.92,4.92,4,8.64,2.12,4.68,9.2,6.99
201905,-6.94,-1.31,-2.34,.21,-4.81,-5.11,.28,-3.96,-10.29,1.75,-9.31,-9.15,-4.02,-11.01,-4.86,-3.03,-3.35,-12.91,-9.74,-2.39,-9.31,-4.98,-15.46,-10.79,-11.66,-11.57,-14.43,-8.8,-11.5,2.25,2.98,-10.9,-11.14,-11.86,-1.54,-2.97,-2.41,-2.96,-11.15,-6.45,-13.3,-6.63,-10.46,-5.03,-9.39,-5.95,-7.02,-1.51,-7.27,.46,-13.09,-6.91,-7.68
201906,6.93,.28,-.72,.18,10.9,4.78,4.17,5.3,1.03,8.36,6.99,8.71,7.2,9.04,10.42,9.88,5.89,3.44,8.78,9.86,11.67,5.83,16.05,3.08,12.31,10.58,13.88,7.19,10.44,7.22,18.53,13.98,3.02,8.93,3.64,4.96,6.24,7.2,7.19,5.42,12.29,11.32,8.08,10.11,6.84,7.47,7.17,7.36,6.99,4.12,11.78,6.23,7.49
201907,1.19,-1.93,.47,.19,.49,2.64,2.94,-2.13,3.37,13.92,-3.74,3.32,4.66,1.5,2.53,1.21,-3.38,.96,-1.52,-11.01,.32,.27,-2.51,-1.94,.54,-1.01,.87,-2.26,1.5,-.2,-4.17,-2.15,-11.69,-2.64,-.99,1.91,.21,2.73,3.24,3.86,5.53,-4.22,.24,1.45,2.25,.1,.47,3.35,3.6,2.18,4.08,2.69,-2.51
201908,-2.58,-2.36,-4.76,.16,-1.28,.26,2.7,6.2,-11.04,4.55,-7.3,-4.6,1.84,-5.11,-5.19,-.42,-.32,-5.2,-2.82,-5.46,-2.79,3.21,-12.01,-10.9,-6.26,-5.56,-7.97,4.02,-9.77,5.64,9.18,-6.87,-15.12,-8.77,3.44,.43,-2.12,-1.74,-12.07,-2.46,-1.93,-.83,-4.61,1.79,-6.9,-2.48,-.15,1.39,-4.88,-5.22,-4.17,-3.38,-2.96
201909,1.43,-.97,6.74,.18,-4.1,1.39,-.51,1.62,1.95,-8.54,-4.06,.59,1.69,9.2,1.05,-1.53,-.92,5.09,1.03,7.41,6.19,6.42,7.16,1.46,6.08,5.42,5.75,2.36,4.5,1.2,-5.41,6.64,-8.25,3.81,3.92,1.44,-2.43,-2.44,4.52,-1.06,4.75,3.39,2.74,-.96,.5,5.78,.78,-2.57,3.67,-.08,3.13,2.3,2.71
201910,2.06,.29,-1.92,.16,-4.54,-2.18,-.52,-1.04,8.1,8.02,5.48,2.52,-.96,-2.24,2.49,3.03,5.34,-1.62,1.42,10.62,3.97,1.9,3.56,-2.89,6.25,3.07,7,-3.79,1.72,-3.79,6.5,-.79,-11.12,-2.08,-1.42,2.25,-3.37,1.25,-.15,1.97,7.53,.36,-.3,.82,1.42,2.64,1.61,-4.19,3.71,4.11,1.33,1.06,2.55
201911,3.87,.78,-2.01,.12,-.59,3.44,-.18,-.59,5.52,4.57,6.38,-.86,-1.06,4.45,8.17,4.64,5.58,3.51,-.35,-2.24,4.6,1.93,6.13,-4.36,3.11,9.1,3.16,6.17,11.2,5.52,-2.46,5.98,-9.63,1.25,-2.15,1.91,1.25,3.83,-1.57,5.23,5.96,5.22,3.6,1.79,2.8,4.19,2.07,2.76,4.99,6.51,6.93,7.19,4.13
201912,2.77,.73,1.76,.14,11.03,2.95,3.97,1.38,3.22,-2.43,4.9,3.17,2.72,7.81,3.16,1.27,4.06,1.21,2.99,-3.42,2.37,-2.68,.71,10.94,3.84,2.38,7.34,-5.31,.69,-.31,15.38,8.29,.5,6.22,4.13,1.24,3.18,.97,5.05,1.83,7.36,4.09,2.74,.58,-.29,2.36,1.27,2.4,3.2,2.21,5.48,.81,2.09
202001,-.11,-3.1,-6.22,.13,-3.41,-1.32,5.19,2.67,-3.66,-3.8,.82,-4.38,.08,-5.25,.51,-.96,-2.47,-8.34,-3.02,-4.58,-1.27,5.91,-15.35,-7.56,-4.97,-4.32,8.96,.16,-1.51,9.71,.84,-9.03,-22.84,-11.89,4.83,-1.99,-1.82,2.99,-2.49,5.16,2.31,-2.52,-6.05,-.95,-.4,-2.96,1.13,1.31,-3.42,-2.88,-1.77,2.96,.28
202002,-8.13,1.07,-3.79,.12,-6.08,-9.36,-8.22,-7.43,-6.71,-16.28,-3.63,-6.72,-8.33,-9.44,-5.07,-7.67,-4.8,-10.04,-8.13,-8.16,-8.41,-8.57,-10.47,-10.58,-5.4,-6.43,-6.4,-12.1,-12.15,-12.11,-3.59,-12.11,-8.71,-15.4,-9.85,-5.95,-7.31,-7.04,-12.53,-5.19,-8.92,-8.33,-7.44,-7.21,-10.96,-9.38,-6.1,-9.36,-11.4,-8.9,-10.09,-10.47,-8.33
202003,-13.39,-4.88,-13.97,.13,-10.86,-4.36,-15.4,-9.87,-6.75,-19.14,-16.13,-22.84,-7.06,-18.72,-18.63,-11.37,-2.3,-17.51,-9.35,-35.96,-25.54,-32.02,-22.2,-32.5,-17.48,-21.15,-24.04,-35.87,-21.54,-8.42,-1.24,-18.96,-40.72,-34.68,-13.01,-13.37,-26.09,-18.32,-7.52,-9.64,-8.93,-8.27,-9.79,-9.68,-16.44,-17.63,-4.37,-22.34,-23.49,-12.75,-35.99,-16.91,-13.92
202004,13.65,2.49,-1.23,0,9.42,8.38,4.77,11,1.97,19.59,14.66,8.46,10.29,10.46,15.62,13.92,13.14,17.84,18.33,13.15,13.33,21.86,11.74,10.64,9.77,14.67,28.49,6.92,11.6,13.71,32.07,12.33,17.77,32.92,5.07,9.56,9.46,18.16,8.07,15.58,14.81,16.08,10.49,7.69,8.51,12.42,18.64,18.64,11.38,11.91,12.75,13.68,2.42
202005,5.58,2.48,-4.89,.01,5.12,3.64,4.05,1.01,-1.2,.56,3.26,11.64,2.57,11.52,4.46,5.29,3.73,9.15,10.31,8.12,11.34,14.94,5.82,3.97,7.05,9.56,9.39,5.14,8.3,1.03,.24,4.71,2.61,.53,4.56,4.78,4.86,10.39,10.62,8,7.86,7.11,2.85,3.09,8.01,8.17,4.25,2.58,3.07,3.73,5.34,6.06,.04
202006,2.46,2.7,-2.17,.01,-2.54,-.4,-3.27,.32,-.72,8.87,2.49,1.3,1.65,2.57,-3.13,-1.41,-1.44,1.04,3.8,5.7,5.11,2.2,4.63,13.78,4.69,5.29,15.81,7.01,-4.69,-3.84,5.16,11.43,-6.55,-.39,-5.02,-2.52,-2.01,4.52,.07,5.3,9.09,2.84,.97,-.81,1.39,1.16,5.38,-2.52,-.31,-1.36,4.49,.78,-2.56
202007,5.77,-2.32,-1.38,.01,5.64,6.01,6.96,5.65,7.78,13.29,4.51,4.92,7.59,.4,16.56,10.84,1.45,7.25,11.86,-18.94,6.69,13.07,2.34,21.65,8.84,8.75,20.28,-7.94,3.9,3.07,15.03,6.12,6.32,-4.88,6.37,5.07,7.37,6.24,4.37,4.79,10.46,10.42,-.07,3.54,7.2,5.15,10.47,4.31,.71,3.7,-.41,3.07,7.23
202008,7.63,-.22,-2.95,.01,-.47,3.41,5.65,2.65,4.77,6.47,12.28,3.6,5.17,12.21,.82,3.5,2.2,5.13,6.17,12.51,8.07,7.36,8.18,-.52,4.76,12.24,47.08,8.84,.29,3.39,-1.99,9.73,1.97,-1.19,-2.25,5.51,7.27,4.64,-4.47,9.91,16.47,1.77,6.37,7.1,13.03,4.98,8.14,12.31,6.62,2.27,11.76,4.1,10.41
202009,-3.63,.04,-2.68,.01,.24,-3.96,-.62,.25,-6.55,9.64,-4.92,-4.61,-.69,6.41,-.88,-1.45,-1.53,1.02,-2.03,2.56,-2.63,3.94,-4.9,1.55,.37,.24,-10.47,-5.31,-5.91,-1.76,-6.24,2.07,7.93,-15.08,-.27,-2.12,-2.69,-1.49,-5.06,-5.44,-6.11,-.8,-1.58,3.5,1.39,-2.38,-4.56,-.81,-5.04,-2.32,-1.78,-4.05,-1.79
202010,-2.1,4.36,4.21,.01,12.46,-3.17,-2.8,-4.43,-5.68,5.03,-4.38,-6.15,-.49,-1.81,.23,-2.87,-5.37,-.13,.9,5.21,-.87,-5.76,7.11,15.15,2.44,-.07,-4.51,-6.21,-1.18,-7.7,-1.62,12.02,-18.63,-4.54,4.49,-3.85,-.53,-4.3,-5.7,-.39,-4.47,3.72,-1.55,5,-3.52,-.76,-2.92,-.84,-1.68,-.61,3.14,.22,-3.34
202011,12.47,5.82,2.14,.01,15.1,7.32,9.22,10.88,8.05,19.86,11.41,24.01,6.07,14.27,13.89,7.65,9.85,12.48,7.89,24.15,14.33,11.17,18.81,19.04,17.22,18.34,36.22,32.51,18.24,6.15,-5.58,13.98,16.35,28.65,2.63,14.43,13.32,16.34,19.59,9.48,11.75,7.64,9.31,10.79,17.07,15.94,7.58,11.26,18.24,11.98,23.87,16.88,15.69
202012,4.63,4.89,-1.51,.01,1.3,1.9,6.84,3.33,8.67,17.81,9.79,10.87,1.14,4.64,7.53,6.25,3.96,3.24,7.36,11.73,4.55,1.19,6.28,14.92,2.78,3.77,16.8,2.34,3.99,-1.19,5.51,9.65,26.88,6.07,.63,5.29,2.67,3.9,8.14,3.25,8,3.46,1.23,2.46,.73,3.22,1.08,4.04,7.55,4.39,12.02,8.24,2.17
202101,-.03,7.34,2.96,.01,2.48,-1.32,-9.6,-6.89,-2.28,4.03,-3.81,4.19,-6.19,-4.84,5.52,1.37,3.71,-.51,-1.28,1.22,.8,5.94,-4.96,1.67,2.06,2.59,12.41,-7.49,.38,-5.79,-1.57,2.06,10.92,4.77,-.4,-3.42,-3.57,-4.33,.7,.62,.68,4.72,-.56,-5.13,-4.61,-2.52,.8,-4.5,-3.38,-3.7,3.04,-1.33,-2.05
202102,2.78,2.06,7.18,0,12.33,-.03,.66,-3.21,5.73,-2.71,10.46,13.63,1.01,4.07,-2.21,1.12,-2.19,2.38,3.62,19.93,7.13,4.15,17.83,14.98,11.7,6.45,-9.85,9.01,5.31,3.24,-6.9,15.26,4.89,23.66,-4.6,4.5,6.6,8.55,6.79,3.45,-2.69,-2.19,1.7,.87,8.8,5.24,-3.17,7.95,14.28,3.56,19.91,9.44,5.82
202103,3.08,-2.37,7.4,0,3.34,8.07,7.15,8.45,11.71,-7.67,-3.24,5.27,7.11,.28,2.92,-.58,.14,7.69,2.17,8.3,9.2,13.16,21.82,-2.62,7.36,4.47,1.01,11.61,7.65,8.71,9.34,-1.17,-13.53,2.23,10.35,1.59,6.8,1.41,9.39,.23,.83,1.61,8.85,6,7.84,8.91,5.36,3.14,4.9,9.65,-2.36,4.03,6.35
202104,4.93,-3.19,-.94,0,4.18,2.71,3.23,3.55,1.43,2.06,.32,.31,1.97,4.77,4.87,6.09,1.46,4.51,9.02,6.31,5.23,7.07,3.13,10.8,2.42,-.63,4.11,1.4,2.94,3.02,3.06,6.39,-.9,.56,3.98,3.15,.16,7.1,3.37,8.32,4.14,4.95,2.45,8.61,4.4,5.66,7.46,5.33,6.05,6.29,2.98,7.24,5.93
202105,.29,-.25,7.08,0,-6.12,3.94,1.99,1.99,2.04,2.94,-.86,2.9,.29,-.57,1.7,-3.06,1.06,4.86,5.38,3.15,-.06,-1.03,14.49,-5.48,2.29,-.25,-6.38,5.22,.39,1.47,19.95,6.55,36.3,6.11,-1.17,-.83,.31,-1.16,1.82,-.72,-1.56,1.11,3.68,-3.53,2.13,1.07,-2.82,-1.25,2.73,2.91,.92,4.55,4.9
202106,2.75,1.7,-7.82,0,-2.35,-3.06,-1.45,-.98,1.99,12.01,1.56,-.23,-.26,8.82,.59,3.84,4.82,-5.11,1.94,-7.29,-2.54,-4.52,-6.09,-1.19,-1.31,5.94,5.37,-2.77,-1.9,1.88,-13.27,-8.01,6.54,5.56,-1.42,-.12,2.44,3.83,1.79,6.82,8.67,5.7,-1.71,-3.59,-4.37,-1.82,3.73,-.77,-2.9,-3.38,.42,1.63,-3.66
202107,1.27,-3.99,-1.76,0,-3.06,-2.31,4.55,1.08,.96,-3.36,-7.47,-2.56,3.96,4.87,3.06,5.42,2.17,.04,4.16,.07,-.47,3.11,7.14,4.71,.21,-.88,-.65,-1.19,1.7,-1.99,-2.74,2.27,17.39,-8.86,2.98,.3,1.76,1.11,2.04,3.49,3.2,6.34,-.97,-1.42,-5.01,2.38,-.8,4.5,-.32,.09,4.43,1.72,.14
202108,2.91,-.43,-.16,0,2.62,-.46,-.09,-1.68,3.47,-9.77,10.37,.47,.16,-.69,-2.58,2.58,3.54,.43,5.74,-.38,2.89,.97,3.66,13.38,.91,1.61,2.53,-1.97,2.71,-2.48,-7.46,-1.69,22.55,-1.54,3.23,1.35,.39,2.04,5.49,5.35,4.2,3.6,.65,9.96,-.34,1.46,2.94,-.52,1.85,1.9,4,6.09,2.17
202109,-4.37,.72,5.08,0,-4.12,-2.24,-5.95,-2.97,-7.05,-7.74,2.09,1.28,-4.66,-9.32,-8.17,-4.8,-6.19,-5.44,-7.15,-8.01,-6.64,-8.54,-10.57,2.17,-7.56,-6.05,4.47,.39,-4.54,-3.99,-6.32,-9.68,11.06,10.69,-4.84,-5.64,-3.24,-6.14,-5.35,-6.41,-5.88,-5.5,-7.23,-6.71,-3.74,-4.86,-4.41,-.14,.84,-3.77,-.95,-5.61,-4.47
202110,6.65,-2.35,-.48,0,2.78,2.29,5.44,5.33,-1.37,5.04,8.33,2.08,4.09,12.41,.78,3.84,1.9,8.53,3.49,.62,7.06,7.53,10,-5.15,4.83,13.68,33.86,.05,4.34,-2.67,.04,11.88,4.45,10.43,5.11,-4.29,11.02,.95,5.25,9.15,7.52,6.23,1,.88,11.08,6.34,5.51,1.05,4.02,10.51,6.49,11.48,4.8
202111,-1.55,-1.32,-.44,0,3.17,-3.27,-5.47,.03,-7.01,-18.23,-7.96,-4.26,1.05,.11,-11.72,-7.68,-2.17,-.18,3.38,-4.35,3.72,3.76,-6.14,-2.25,1.16,-3.5,3.05,-6.23,-4.83,.17,.82,.39,-18.57,-5.39,-1.96,-7.25,-2.18,-8.6,3.02,-3.64,12.03,-.5,-2.89,-1.57,-5.01,-1.03,2.04,-1.74,-6.33,-5.17,-9.01,-4.53,-3.99
202112,3.1,-1.66,3.28,.01,4.85,9.63,12.66,9.22,12.42,-2.03,-1.61,3.87,11.41,-3.43,10.29,9.02,5.52,6.7,5.91,8.7,7.61,8.68,9.83,-4.75,4.49,-4.25,-5.32,6.12,5.33,4.94,11.01,8.51,14.52,3,8.57,3.9,.37,2.82,10.1,-.17,3.51,5.08,6.08,3.03,7.82,8.76,-.39,7.52,3.2,9.84,9.64,2.55,5.48
202201,-6.25,-5.94,12.75,0,1.36,1.28,.12,-1.95,7.88,-16.47,-19.08,-5.62,-6.53,-11.15,-14.3,-11.24,-7.1,-7.31,-11.54,-12.3,-11.58,-13.54,-10.27,-19.12,-6.53,-14.58,-9.92,.22,-3.18,6.03,-2.57,-6.49,.55,18.04,-2.1,-1.98,-10.3,-9.07,-9.41,-8.9,-6.47,-12.48,-5.05,2.57,-6.52,-6.4,-9.24,-8.27,1.75,-3.19,-7.93,-3.66,1.44
202202,-2.29,2.23,3.04,0,8.18,.95,1.38,-5.36,-.8,-4.62,-.89,3.41,-4.34,-5.7,4.11,1.64,-2.46,-2.63,-1,-7.25,-.92,-3.75,23.84,10.5,-4.66,.22,-7.07,9.58,5.79,10.56,8.12,11.15,35.42,7.99,-1.11,.23,-2.09,-9.27,-2.09,-6.36,-2.69,-4.11,-8.15,-1.83,.17,1.57,-1.79,-1.19,-2.01,1.15,-2.72,-4.26,.76
202203,3.05,-1.6,-1.8,.01,10.78,1.27,-.67,3.34,-2.25,-7.51,-4.14,.63,-3.25,-1.12,2.69,1.27,6.84,2.98,1.93,-9.03,-6.35,-5.51,15.18,13.38,2.84,1.56,16.62,-2.4,2.93,1.26,20.33,6.75,25.96,9.78,9.68,-2.46,10.48,5.1,1.81,2.19,4.61,4.31,-1.44,3.33,4.07,3.11,3.35,.85,-4.67,6.4,-1.81,-.11,8.55
202204,-9.46,-1.41,6.19,.01,-.14,2.6,4.22,3.03,6.37,-13.74,-27.84,-10.86,2.04,-7,-15.15,-11.67,-4.22,-2.28,-12.88,6.63,-3.09,-6.35,-6.09,-3.24,-10.16,-13.56,-17.59,-9.28,-5.34,-3.14,-9.32,-15.45,7.98,-1.25,-3.71,-10.7,-5.02,-9.97,-10.04,-12.96,-13.17,-9.71,.91,-3.93,-10.93,-2.14,-11.41,-5.47,-8.53,-3.35,-11.55,-12.68,-7.79
202205,-.34,-1.85,8.41,.03,7.29,-3.26,-.22,-1.6,2.67,-.85,-3.5,-6.95,-5.12,-6.45,-.61,-2.15,2.17,4.52,-1.21,2.38,2.81,5.74,-8.06,2.43,2.99,-1.23,-9.7,-3.34,1.87,1.99,-6.82,-2.26,2.32,15.66,4.79,8.54,-4.02,-2.21,-2.44,-3.29,-1.28,1.93,1.26,-4.57,-4.59,1.03,-5.64,-3.29,3.41,1.14,-2.34,3.95,-1.44
202206,-8.43,2.09,-5.97,.06,-12.45,-1.91,.46,-.02,-11.63,-12.96,-10.87,-12.37,-2.56,-12,-11.61,-7.83,.59,-15.65,-6.74,-11.17,-11.59,-10.26,-21.03,-4.77,-13.65,-10.35,-11.75,-1.4,-7.71,-3.05,-11.7,-19.71,-10.9,-16.37,-6.55,-6.72,-6.3,-10.13,-8.35,-6.27,-11.11,-7.42,-8.54,-8.44,-7.14,-6.43,-8.5,-9.02,-12.39,-2.05,-13.6,-9.79,-12.67
202207,9.56,2.78,-4.08,.08,6.38,3.68,3.28,5.49,.56,5.63,17.05,12.08,.76,11.86,13,6.87,.36,7.66,12.57,6.86,17.78,15.28,20.54,14.35,13.53,21.18,29.01,6.32,8.32,-1.47,-21.29,8.62,3.36,10.43,6.26,-.4,12.49,13.21,8.66,7.85,17.21,13.07,7.28,7.09,9.33,9.08,16.33,11.89,8.54,3.15,14.1,10.44,10
